-- phpMyAdmin SQL Dump
-- version 5.1.1
-- https://www.phpmyadmin.net/
--
-- Host: 127.0.0.1
-- Waktu pembuatan: 16 Mar 2026 pada 02.06
-- Versi server: 10.4.22-MariaDB
-- Versi PHP: 7.4.27

SET SQL_MODE = "NO_AUTO_VALUE_ON_ZERO";
START TRANSACTION;
SET time_zone = "+00:00";


/*!40101 SET @OLD_CHARACTER_SET_CLIENT=@@CHARACTER_SET_CLIENT */;
/*!40101 SET @OLD_CHARACTER_SET_RESULTS=@@CHARACTER_SET_RESULTS */;
/*!40101 SET @OLD_COLLATION_CONNECTION=@@COLLATION_CONNECTION */;
/*!40101 SET NAMES utf8mb4 */;

--
-- Database: `obatdes2025`
--

-- --------------------------------------------------------

--
-- Struktur dari tabel `obat`
--

CREATE TABLE `obat` (
  `id` int(11) NOT NULL,
  `nama_obat` varchar(512) DEFAULT NULL,
  `harga` int(11) DEFAULT NULL
) ENGINE=InnoDB DEFAULT CHARSET=utf8mb4;

--
-- Dumping data untuk tabel `obat`
--

INSERT INTO `obat` (`id`, `nama_obat`, `harga`) VALUES
(1, 'LORATADIN TAB 10 MG HEXPHARM JAYA', 115),
(2, 'RAMIPRIL TAB 2,5 MG DEXA', 240),
(3, 'VITAMIN B1, B6, B12 TAB BENEURON', 398),
(4, 'FENOFIBRAT TAB 300 MG DEXA', 656),
(5, 'INSULIN MIX ASPARTAT&DEGLUDEC RYZODEG', 113018),
(6, 'NEEDLE 32 FINE PEN BD', 1887),
(7, 'GABAPENTIN TAB 300 MG DEXA', 645),
(8, 'ALLOPURINOL TAB 300 MG HJ', 360),
(9, 'MELOXICAM TAB 7,5 MG MBF', 258),
(10, 'ATORVASTATIN TAB 20 MG BETA PHARMACON', 601),
(11, 'ASETOSAL TAB 80 MG NOSPIRINAL', 666),
(12, 'MULTIVITAMIN CAP BECEFORT', 1216),
(13, 'CANDESARTAN TAB 16 MG DEXA', 420),
(14, 'SUKRALFAT SIR 500MG/ 5ML DEXA', 7150),
(15, 'INSULIN GARGLINE LONG ACTING 100 IU/ ML EZELIN', 89799),
(16, 'SIMVASTATIN TAB 10 MG HJ', 105),
(17, 'ACARBOSE TAB 50 MG DEXA', 700),
(18, 'MULTIVITAMIN SYR TRUVIT', 14100),
(19, 'GENTAMISIN OIN 5 GR KF', 2450),
(20, 'METFORMIN TAB 500 MG HJ', 162),
(21, 'DEXTROMETORFAN 15MG, DIPHENHYDRAMIN 5MG, GLISERIL GUAIACOLAT 100MG TAB GRANTUSIF', 600),
(22, 'CIPROFLOKSASIN TAB 500 MG BERNO', 350),
(23, 'VILDAGLIPTIN TAB 50 MG DEXA', 1754),
(24, 'KARBAMAZEPIN TAB 200 MG MERSI', 625),
(25, 'LISINOPRIL 5MG TAB DEXA', 175),
(26, 'BISOPROLOL TAB 5 MG DEXA', 200),
(27, 'NIFEDIPIN TAB 30 MG ADALAT OROS 30 MG', 4245),
(28, 'METFORMIN TAB 850 MG BERNO', 380),
(29, 'GLICLAZIDE TAB 60 MG MR PRATAPA', 3219),
(30, 'TELMISARTAN TAB 80 MG DEXA', 1665),
(31, 'ACARBOSE TAB 100 MG DEXA', 848),
(32, 'ALLOPURINOL TAB 100 MG MERSI', 155),
(33, 'MECOBALAMIN TAB 500 MCG TAB NULAB', 505),
(34, 'GABAPENTIN TAB 100 MG DEXA', 750),
(35, 'CLOPIDOGREL TAB 75 MG BETA PHARMACON', 700),
(36, 'BETAHISTINE TAB 24 MG YARINDO', 3608),
(37, 'PARACETAMOL COFFEIN TAB MIRASIC PLUS', 1300),
(38, 'DIAZEPAM TAB 2 MG YARINDO', 170),
(39, 'AMITRIPTILLINE TAB 25 MG YARINDO', 210),
(40, 'CODEIN TAB 20 MG KF', 1360),
(41, 'PREGABALIN 75 MG TABLET HJ', 1013),
(42, 'PARACETAMOL TAB 500 MG MERSI', 100),
(43, 'METILPREDNISOLON TAB 4 MG DEXA', 160),
(44, 'CHLORFENIRAMIN MALEAT TAB 4 MG PIM', 74),
(45, 'NACL 0,9% INF 100 ML SATORIA', 7125),
(46, 'KASA STERIL 16CM X 16CM (16 PADS) ONEMED', 7881),
(47, 'ASAM FUSIDAT CR 5 GR FUSYCOM', 22000),
(48, 'MOMETASON FUROAT KRIM 0,1 % DEXA', 7100),
(49, 'FLUNARIZIN 10 MG TAB BERNO', 2423),
(50, 'AMLODIPIN TAB 5 MG MBF', 289),
(51, 'EPERISONE  50 MG TABLET NULAB', 1000),
(52, 'MELOXICAM TAB 15 MG MBF', 310),
(53, 'ASAM FOLAT TAB 1 MG PHAPROS', 244),
(54, 'VITAMIN B6 TAB 25MG PIRIDOKSIN AFIFARMA', 221),
(55, 'TOPIRAMAT TABLET 25 MG TOPAMAX', 2416),
(56, 'SALBUTAMOL TAB 2 MG BERNO', 180),
(57, 'AMBROXOL TAB 30 MG BERNO', 200),
(58, 'INDACATEROL 110 MCG, GLIKOPIRONIUM 50 MCG SERB INH ULTIBRO', 14453),
(59, 'VITAMIN B COMPLEK TAB NOVAPHARIN', 81),
(60, 'FLUOXETIN HCL TAB 20 MG DEXA', 387),
(61, 'VITAMIN D3 1000 IU TAB PIM', 207),
(62, 'BUDESONID FORMOTEROL RAPIHALER 160/4,5 MCG SYMBICORT', 221500),
(63, 'SPIRONOLAKTON TAB 25 MG DEXA', 250),
(64, 'CETIRIZINE TAB 10 MG HJ', 72),
(65, 'KETOKONAZOL CRM 2% KF', 3499),
(66, 'DESONIDE 0.05% CREAM 10G DESOLEX', 25000),
(67, 'SOFT U DERM CRM 20 GR GALENIUM', 6809),
(68, 'PSEUDOEFEDRIN TRIPROLIDIN TAB 60/2,5 MEPRO EFLIN', 1179),
(69, 'CIPROFLOKSASIN TAB 500 MG HJ', 396),
(70, 'NEOMYCIN, POLYMYXIN, DEXAMETHASONE EYE DROP 5 ML POLIDEMISIN', 27173),
(71, 'CEFADROKSIL SIR 125 MG/5 ML HJ', 8000),
(72, 'RANITIDIN TAB 150 MG HJ', 149),
(73, 'DESOKSIMETASON CRM 0,25% 15 GR DEXA', 14152),
(74, 'NATRIUM DICLOFENAC 1% GEL GALTAREN', 22500),
(75, 'SILOSTAZOL KAPS SR 100 MG PLETAAL SR', 6178),
(76, 'SALMETEROL 50 MCG DAN FLUTIKASON PROPIONAT 500 MCG SERETIDE DISKUS', 146442),
(77, 'ASAM AMINO ESSENSIAL TAB KETORENAL', 5000),
(78, 'RAMIPRIL TAB 10 MG DEXA', 555),
(79, 'RAMIPRIL TAB 5 MG DEXA', 155),
(80, 'FUROSEMIDE TAB 40 MG YARINDO', 263),
(81, 'ANTASIDA DOEN SIR MERSI', 2750),
(82, 'ASAM MEFENAMAT TAB 500 MG HJ', 155),
(83, 'POLYMYXIN 10000IU, NEOMYCIN 5MG, FLUDROCORTISONE 1MG, LIDOCAINE 40MG EAR DROPS OTILON', 48396),
(84, 'NATRIUM DIKLOFENAK TAB 50 MG DEXA', 110),
(85, 'BETAHISTIN TAB 6 MG DEXA', 190),
(86, 'PROGRAM TENOFOVIR 300 MG, LAMIVUDINE 300 MG, DOLUTEGRAVIR 50 MG (TLD) TAB', 0),
(87, 'COTRIMOKSAZOL FORTE TAB 960 MG SULTRIMMIX', 475),
(88, 'SOFT U DERM CRM 10% 40 GR GALENIUM', 30000),
(89, 'ZOLPIDEM TARTRATE TAB 10 MG ZUDEM', 3663),
(90, 'ISOSORBIDE DINITRATE TAB 5 MG YARINDO', 140),
(91, 'GEMFIBROZIL CAP 300 MG PHAPROS', 770),
(92, 'LIDOCAIN INJ 2% BERNO', 1319),
(93, 'SPUIT 01 CC NIPRO', 1110),
(94, 'NACL 0,9% INF 100 ML OTSU', 6500),
(95, 'TIOTROPIUM BROMIDE 2,5 MCG SPIRIVA RESPIMAT REFILL TEMPO', 424725),
(96, 'CEFADROKSIL CAP 500 MG BERNO', 999),
(97, 'SPUIT 50 CC LUER SLIP NIPRO', 4551),
(98, 'GYPSONA 10 CMX3.5M ESSITY', 50650),
(99, 'SOFTBAND 10CM ESSITY', 33744),
(100, 'CREPE 10 CM SNA MEDIKA', 57054),
(101, 'GLIMEPIRIDE TAB 2 MG DEXA', 175),
(102, 'CANDESARTAN TAB 8 MG DEXA', 285),
(103, 'CALCITRIOL KAPSUL LUNAK 0.25 MCG NOVELL', 1332),
(104, 'BISOPROLOL TAB 2.5 MG DEXA', 124),
(105, 'INDACATEROL 300 MCG ONBREZ BREEZHALER', 12836),
(106, 'N ASETILSISTEIN CAP 200 MG DEXA', 320),
(107, 'HIDROCORTISON KRIM 1% KALBE', 3800),
(108, 'OBH SYR ITRASAL', 7100),
(109, 'SALMETEROL 50 MCG DAN FLUTIKASON PROPIONAT 250 MCG SERETIDE DISKUS', 132693),
(110, 'GLIMEPIRIDE TAB 4 MG DEXA', 308),
(111, 'NIFEDIPIN TAB 10 MG DEXA', 144),
(112, 'CEFIXIME CAP 100 MG HJ', 700),
(113, 'HALOPERIDOL TAB 2 MG LODOMER', 185),
(114, 'DONEPEZIL TABLET DISP 10 MG ARICEPT EVESS', 6888),
(115, 'BUDESONID FORMOTEROL TUR 160/4,5 MCG SYMBICORT', 144402),
(116, 'FENOTEROL HBR AEROSOL 100 MCG/ PUFF FAROVELL', 72150),
(117, 'VALSARTAN TAB 80 MG DEXA', 397),
(118, 'IBUPROFEN TAB 400 MG TRIMAN', 188),
(119, 'PREDNISON TABLET 5 MG HOLI', 110),
(120, 'NOSCAPIN 50 MG CAP ACTAVIS LONGATIN', 4161),
(121, 'DEKSAMETASON TABLET 0,5 MG TRIFA', 90),
(122, 'CO - AMOXCYCLAV TAB 625 MG MEPRO', 2988),
(123, 'OMEPRAZOL CAP 20 MG MEGA LIFE', 214),
(124, 'PIRACETAM 800 MG TAB BERNO', 560),
(125, 'CEFIXIME SIR 100 MG/ 5 ML DEXA', 9750),
(126, 'IBUPROFEN SUSP 100 MG/5 ML BERNO', 6650),
(127, 'SULFADIAZINE 1% CRM DARYA VARIA', 23030),
(128, 'GLIMEPIRIDE TAB 3 MG DEXA', 285),
(129, 'CITICOLIN TAB 500 MG MBF', 2997),
(130, 'AZITROMISIN TAB 500 MG PRATAPA', 3100),
(131, 'METHAMPYRONE 500 MG, DIAZEPAM 2 MG TAB ANALSIK', 1942),
(132, 'CALCIUM POLYSTYRENE SULPHONATE SERBUK ORAL KALITAKE', 21656),
(133, 'ANTIHEMOROID DOEN SUPP KF', 3250),
(134, 'GENTAMISIN EYE OIN 0,3% 3,5 GR ERELA', 6740),
(135, 'GLIMEPIRIDE TAB 1 MG DEXA', 99),
(136, 'CLINDAMISIN CAP 150 MG DEXA', 708),
(137, 'METRONIDAZOL TAB 500 MG BERNO', 295),
(138, 'CELECOXIB 100MG KAPS NULAB', 2330),
(139, 'CHLORDIAZEPOXIDE HCL 5 MG, CLIDINIUM BR 2.5 MG TAB CLIXID', 839),
(140, 'PROGRAM TENOFOVIR 300 MG, LAMIVUDINE 300 MG, EFAVIRENZ 600 MG (TLE) TAB', 0),
(141, 'NYSTATIN DROP 100.000 IU BERNO', 15600),
(142, 'PROGRAM 2 FDC DEWASA (RIFAMPICIN 150 MG, ISONIAZID 75 MG) TAB', 0),
(143, 'ANTASIDA DOEN TAB MERSI', 90),
(144, 'ELASTOMULL HAFT 8CMX4M ESSITY', 56400),
(145, 'VASELINE SWABS 10CMX10CM WINNER', 5368),
(146, 'NACL 0,9% INF 500 ML SATORIA', 7673),
(147, '', 0),
(148, 'AMLODIPIN TAB 10 MG NOVAPHARIN', 128),
(149, 'ASAM VALPROAT SIR 250 MG/ 5 ML OGB DEXA', 12210),
(150, 'CETIRIZIN SIR  5 MG/ 5ML DEXA', 6650),
(151, 'CLOBAZAM TAB 10 MG DEXA', 409),
(152, 'SALBUTAMOL SULFATE CAIRAN IH 2.5MG/2.5ML VENTASAL', 3885),
(153, 'SPUIT 03 CC NIPRO 23G', 999),
(154, 'CLONAZEPAM TAB 2 MG MERSIFARMA', 6360),
(155, 'LANSOPRAZOL CAP 30 MG HJ', 384),
(156, 'INSULIN ASPART RAPID PEN 100 IU/ ML NOVORAPID', 95326),
(157, 'INSULIN DETEMIR PEN 100 IU/ ML INSULIN LONG ACTING LEVEMIR', 89799),
(158, 'DIMENHIDRINAT TAB 50 MG KF', 148),
(159, 'CURCUMA TAB SOHO', 495),
(160, 'KETOKONAZOL TAB 200 MG HJ', 400),
(161, 'TABLET TAMBAH DARAH-FE ASAM FOLAT TAB ERELA', 176),
(162, 'LEVOFLOXACIN TAB 500 MG HJ', 880),
(163, 'THIAMAZOL TAB 5 MG NOVELL', 555),
(164, 'PROPRANOLOL TAB 40 MG HOLI', 120),
(165, 'PHENYTOIN 100 MG KAPS IKHAPARMINDO', 738),
(166, 'TRIHEKSIFENIDIL TAB 2 MG MERSI', 119),
(167, 'DIVALPROEX SODIUM 500 MG TAB LEPAS LAMBAT DEXA', 2800),
(168, 'GLUCOSAMIN TAB 500MG MPL MEDIKON', 2510),
(169, 'DIVALPROEX SODIUM 250 MG TAB LEPAS LAMBAT DEXA', 1950),
(170, 'DOXYCYCLINE CAP 100 MG KF', 723),
(171, 'PROGRAM BENZATHINE BENZYL PENICILLIN INJ 2400000IU PHAPROS', 0),
(172, 'SPUIT 10 CC NIPRO', 1443),
(173, 'SPUIT 05 CC NIPRO', 1110),
(174, 'WFI INJ 25 ML SATORIA', 2955),
(175, 'NEEDLE 18 ONEMED', 205),
(176, 'ASAM TRANEKSAMAT TAB 500 MG HJ', 1650),
(177, 'ELASTIC COHESIVE BANDAGE 08 PD SIVE', 44542),
(178, 'BUDESONID FORMOTEROL TUR 80/4,5 MCG SYMBICORT', 163186),
(179, 'LACTOBACILLUS MAXBIOTIK SACHET', 8492),
(180, 'BISACODYL SUP 10 MG TRIMAN', 36301),
(181, 'SALMETEROL 25 MCG DAN FLUTIKASON PROPIONAT 50 MCG SERETIDE INHALER', 62841),
(182, 'TOBRAMYCIN 3 MG TETES MATA CENDO TOBRO MINIDOSE', 23352),
(183, 'SALBUTAMOL TAB 4 MG YARINDO', 180),
(184, 'LEVETIRACETAM 250MG TAB PRATAPA', 3100),
(185, 'NATRIUM DIKLOFENAK TAB 50 MG PHAPROS', 0),
(186, 'ONDANSETRON TAB 4 MG DEXA', 270),
(187, 'NACL DRP NOVELL BREATHY NASAL DROP', 41558),
(188, 'PARACETAMOL SIR 250 MG/ 5ML APETIC FORTE', 33744),
(189, 'MELOXICAM TAB 15 MG HJ', 389),
(190, 'VITAMIN B6 TAB 10MG PIRIDOKSIN AFIFARMA', 107),
(191, 'PARACETAMOL DROP 15 ML TURPAS', 25946),
(192, 'MECOBALAMIN 500 MCG INJ NULAB', 6215),
(193, 'ONDANSETRON INJ 4 MG DEXA', 1400),
(194, 'GLICLAZIDE TAB 60 MG FONYLIN MR', 3210),
(195, 'GLIKUIDON TAB 30 MG DEXA', 1000),
(196, 'PARACETAMOL 325 MG, TRAMADOL 37.5 MG TAB PATRAL', 4729),
(197, 'ATORVASTATIN TAB 20 MG DEXA', 601),
(198, 'SIMVASTATIN TAB 20 MG HJ', 172),
(199, 'GLIBENKLAMID TAB 5 MG FIMEDIAB', 200),
(200, 'KALSIUM LACTAT TAB 500 MG MERSI', 84),
(201, 'LAKTULOSA SIR DEXA', 17192),
(202, 'PARACETAMOL SIR 120 MG/ 5ML  MERSI', 2999),
(203, 'ELASTO ONE COHESIVE BANDAGE 8CMX4M ONEMED', 16428),
(204, 'DEXTROMETORFAN 10MG, DIPHENHYDRAMIN 12.5MG, AMMONIUM 100MG, SODIUM CITRAT 50MG SYR SANADRYL DMP', 16705),
(205, 'PROPILTIOURASIL TAB 100 MG DEXA', 410),
(206, 'PROGRAM MEDROKSIPROGESTERON 10 MG INJ', 0),
(207, 'HIDROKORTISON CRM 2,5% 5 GR KALBE', 4300),
(208, 'PERMETHRIN 5% CRM 10 GR COMBIPHAR', 6660),
(209, 'OMEPRAZOL CAP 20 MG HJ', 232),
(210, 'HIDROKORTISON CRM 2,5% 5 GR KF', 2347),
(211, 'METOCLOPRAMID TAB 10 MG TOPRAM', 510),
(212, 'SULFADIAZINE 10 MG KRIM BURNAZIN', 92936),
(213, 'TRIAMCINOLON INJ 10 MG/ ML DEXA', 33200);

-- --------------------------------------------------------

--
-- Struktur dari tabel `pasien`
--

CREATE TABLE `pasien` (
  `id` int(11) NOT NULL,
  `no_rm` int(11) DEFAULT NULL,
  `no_sep` varchar(512) DEFAULT NULL,
  `nama_pasien` varchar(512) DEFAULT NULL,
  `asal_poli` varchar(512) DEFAULT NULL,
  `tanggal` date DEFAULT NULL
) ENGINE=InnoDB DEFAULT CHARSET=utf8mb4;

--
-- Dumping data untuk tabel `pasien`
--

INSERT INTO `pasien` (`id`, `no_rm`, `no_sep`, `nama_pasien`, `asal_poli`, `tanggal`) VALUES
(1, 12503156, '', 'JUMADI', 'POLI DALAM', NULL),
(2, 12503156, '0.0', 'JUMADI', 'POLI DALAM', NULL),
(3, 11800537, '', 'MISNATI', 'POLI DALAM', NULL),
(4, 11800537, '0.0', 'MISNATI', 'POLI DALAM', NULL),
(5, 11806667, '', 'SITI ASIAH', 'POLI DALAM', NULL),
(6, 12307310, '', 'MUHAMMAD AZKA', 'POLI ANAK', NULL),
(7, 12301337, '', 'ZAINUL ZAUL', 'POLI DALAM', NULL),
(8, 12305653, '', 'ASIK SUTRISNO', 'POLI DALAM', NULL),
(9, 12504755, '', 'SUTARDJO', 'POLI DALAM', NULL),
(10, 12104025, '', 'SUKAMTO', 'POLI DALAM', NULL),
(11, 12407510, '', 'MISWATINI', 'POLI DALAM', NULL),
(12, 12000396, '', 'AGUNG PRASETYO', 'POLI DALAM', NULL),
(13, 12204598, '', 'NINA MARIANI', 'POLI SARAF', NULL),
(14, 12508120, '', 'SANTI DWI', 'POLI KULIT', NULL),
(15, 12406895, '', 'YENI RETNO', 'POLI SARAF', NULL),
(16, 11800935, '', 'SURATMAN', 'POLI SARAF', NULL),
(17, 12206076, '', 'MARIA ULFA', 'POLI SARAF', NULL),
(18, 11808449, '', 'MISERI', 'POLI PARU', NULL),
(19, 12500961, '', 'SYAIFUL ZUHRI', 'POLI SARAF', NULL),
(20, 12206700, '', 'JIÚN', 'POLI PARU', NULL),
(21, 11703875, '', 'AUFARRO EKA', 'POLI KULIT', NULL),
(22, 12408042, '', 'IRMA SARI', 'POLI THT', NULL),
(23, 12201430, '', 'ALKHALIFI FAHRIZA', 'POLI MATA', NULL),
(24, 12508133, '', 'LAILY MUFIDA', 'POLI KULIT', NULL),
(25, 12201241, '', 'SULISTYOWATI', 'POLI SARAF', NULL),
(26, 11802875, '', 'MISERI', 'POLI SARAF', NULL),
(27, 11804997, '', 'BAMBANG S', 'POLI PARU', NULL),
(28, 12203485, '', 'IMRON ZAKARIYA', 'POLI DALAM', NULL),
(29, 12302222, '', 'SERLY RAMZIAH', 'POLI KULIT', NULL),
(30, 11703011, '', 'HENI WIDIASTUTI', 'POLI THT', NULL),
(31, 12507449, '', 'NURCHOLIS', 'POLI DALAM', NULL),
(32, 12104140, '', 'TONI A', 'POLI KULIT', NULL),
(33, 12504294, '', 'NAWARAH', 'POLI SARAF', NULL),
(34, 12000943, '', 'MISNARI', 'POLI PARU', NULL),
(35, 12305782, '', 'IMAM JOKO', 'POLI SARAF', NULL),
(36, 11706529, '', 'TUNIARSIH', 'POLI DALAM', NULL),
(37, 12303519, '', 'SUTRIHADI', 'POLI SARAF', NULL),
(38, 12507933, '', 'DWI PANGAYOMANINGTYAS', 'POLI KULIT', NULL),
(39, 12204939, '', 'MASHUD', 'POLI PARU', NULL),
(40, 12508134, '', 'MUCH ADZIEM', 'POLI THT', NULL),
(41, 12304518, '', 'SILVIE MAHARANI', 'POLI ORTHO', NULL),
(42, 12300081, '', 'SITI NURIDA', 'POLI DALAM', NULL),
(43, 12002263, '', 'WEMPI UBRO', 'POLI PARU', NULL),
(44, 12002259, '', 'HARMANI', 'POLI SARAF', NULL),
(45, 12501536, '', 'TRI YULIASRTI', 'POLI DALAM', NULL),
(46, 12404375, '', 'IMAM SUBAGIO', 'POLI PARU', NULL),
(47, 12508141, '', 'M HERMANTO', 'POLI KULIT', NULL),
(48, 12400384, '', 'IDA SRIYANI', 'POLI PARU', NULL),
(49, 12507362, '', 'MARUB', 'POLI SARAF', NULL),
(50, 12201459, '', 'MASRURO', 'POLI DALAM', NULL),
(51, 12401234, '', 'PARIMUN', 'POLI PARU', NULL),
(52, 12300907, '', 'KIPTIYAH', 'POLI DALAM', NULL),
(53, 12507667, '', 'ARIF EFENDI', 'POLI ORTHO', NULL),
(54, 11704520, '', 'SAIFUDIN', 'POLI SARAF', NULL),
(55, 12105999, '', 'LESMONO', 'POLI PARU', NULL),
(56, 12508011, '', 'SYAFIRA OCTAVIA', 'POLI ANAK', NULL),
(57, 12402387, '', 'FEMALE MLAYU', 'POLI ANAK', NULL),
(58, 11807416, '', 'TARIYAH', 'POLI PARU', NULL),
(59, 12307530, '', 'MUHAMMAD ALFAN', 'POLI DALAM', NULL),
(60, 12206652, '', 'SATUMAH', 'POLI PARU', NULL),
(61, 12507982, '', 'AJI SATRIYO', 'POLI ANAK', NULL),
(62, 12506508, '', 'HELMYZON', 'POLI BEDAH', NULL),
(63, 12507871, '', 'HOSNIYAH', 'POLI SARAF', NULL),
(64, 12303023, '', 'SUPARMI', 'POLI DALAM', NULL),
(65, 12401529, '', 'DAFFA MAVENNDRA', 'POLI ANAK', NULL),
(66, 12307579, '', 'KHALIFAH ATHARRAZKA', 'POLI KULIT', NULL),
(67, 12503488, '', 'AMALIA ARUMI', 'POLI ANAK', NULL),
(68, 12308322, '', 'NAURA AMELLIYA', 'POLI ANAK', NULL),
(69, 12508135, '', 'MUHAMMAD FAHMI', 'POLI THT', NULL),
(70, 12507932, '', 'NUR ROHMANIA', 'POLI BEDAH', NULL),
(71, 12505330, '', 'SHOLICHAH', 'POLI KULIT', NULL),
(72, 12408323, '', 'SUPAAT', 'POLI SARAF', NULL),
(73, 12506603, '', 'NURBAYA', 'POLI SARAF', NULL),
(74, 12201385, '', 'JOKO SANTOSO', 'POLI PARU', NULL),
(75, 12508058, '', 'UMAR ABDUL AZIA', 'POLI BEDAH', NULL),
(76, 12204798, '', 'PONIJIM', 'POLI DALAM', NULL),
(77, 12508128, '', 'RONA PUJI A', 'POLI PARU', NULL),
(78, 12407759, '', 'SITI FATONAH', 'POLI SARAF', NULL),
(79, 11601474, '', 'HEPPY DANIAWATI', 'POLI PARU', NULL),
(80, 11907281, '', 'KEN RAHMANINHSIHH', 'POLI GIGI', NULL),
(81, 12307453, '', 'ATIM', 'POLI BEDAH', NULL),
(82, 11806949, '', 'WIWIK WINARSIH', 'POLI DALAM', NULL),
(83, 12503541, '', 'NGATIASRI', 'POLI SARAF', NULL),
(84, 12304631, '', 'SUMARJOTO', 'POLI PARU', NULL),
(85, 12507999, '', 'SATURI', 'POLI DALAM', NULL),
(86, 12508042, '', 'NAJWA SAFANA', 'POLI BEDAH', NULL),
(87, 12202765, '', 'ROHMAN SUSANTO', 'POLI PARU', NULL),
(88, 12307633, '', 'MAFAZA SHEZA', 'POLI MATA', NULL),
(89, 12507998, '', 'WAWAN MOHAMMAT', 'POLI BEDAH', NULL),
(90, 11804114, '', 'MARIATI', 'POLI DALAM', NULL),
(91, 12201559, '', 'FIRZA AQILA', 'POLI BEDAH', NULL),
(92, 11909911, '', 'SUMIATI', 'POLI PARU', NULL),
(93, 12501869, '', 'ROAITU SYAFIIYAH', 'POLI BEDAH', NULL),
(94, 12508020, '', 'PARING', 'POLI BEDAH', NULL),
(95, 12508018, '', 'SITI QOMARIYAH', 'POLI PARU', NULL),
(96, 12400893, '', 'PUSPITA LARASATI', 'POLI BEDAH', NULL),
(97, 12005615, '', 'M ZAINURRIDHO', 'POLI DALAM', NULL),
(98, 12501245, '', 'ARNOWO', 'POLI PARU', NULL),
(99, 12204765, '', 'BAMBANG SANTOSO', 'POLI PARU', NULL),
(100, 12403695, '', 'NURUL JANAH ULFA', 'POLI DALAM', NULL),
(101, 12501980, '', 'HANIFAH', 'POLI PARU', NULL),
(102, 12301283, '', 'RIYATI', 'POLI DALAM', NULL),
(103, 12307453, '', 'ATIM', 'POLI BEDAH', NULL),
(104, 12508053, '', 'UMAR ABDUL AZIZ', 'POLI BEDAH', NULL),
(105, 12507667, '', 'ARIF EFENDI', 'POLI ORTHO', NULL),
(106, 12502782, '', 'NURAIDA', 'POLI KULIT', NULL),
(107, 12505621, '', 'NAYLA LAYLA', 'POLI KULIT', NULL),
(108, 12507630, '', 'IKA SILVIA', 'POLI KULIT', NULL),
(109, 11906743, '', 'ZUMROTUL C', 'POLI DALAM', NULL),
(110, 11804114, '', 'MARIATI', 'POLI KULIT', NULL),
(111, 12502500, '', 'WINARSIH', 'POLI DALAM', NULL),
(112, 12201531, '', 'TUTIK ENDANGWATI', 'POLI KULIT', NULL),
(113, 11903524, '', 'LASTIN', 'POLI DALAM', NULL),
(114, 11700370, '', 'FIRAZ FARHAN', 'POLI ANAK', NULL),
(115, 12003635, '', 'FRANSISKUS SUSILO', 'POLI DALAM', NULL),
(116, 11705738, '', 'HAFIS MAULANA', 'POLI KULIT', NULL),
(117, 12402894, '', 'HAMIDAH', 'POLI DALAM', NULL),
(118, 12504009, '', 'SITI KHODIJAH', 'POLI KULIT', NULL),
(119, 12507968, '', 'OLIVIA SINERI', 'POLI ANAK', NULL),
(120, 11702217, '', 'IKA SRI PURNAMASARI', 'POLI GIGI', NULL),
(121, 11602144, '', 'ARDHIAN LUKMAN HAKIM', 'POLI SARAF', NULL),
(122, 12502791, '', 'ABD SALIM', 'POLI SARAF', NULL),
(123, 12106317, '', 'AHMAD ZAKKY', 'POLI KULIT', NULL),
(124, 12508027, '', 'DEWI MASITOH', 'POLI DALAM', NULL),
(125, 12503522, '', 'YAYUK YUNIAR', 'POLI SARAF', NULL),
(126, 12506530, '', 'MOH ANGSORI', 'POLI DALAM', NULL),
(127, 12000462, '', 'PUJIANAH', 'POLI SARAF', NULL),
(128, 12504437, '', 'HAMIDAH', 'POLI DALAM', NULL),
(129, 12508169, '', 'ATDJENG CHRISNUDIN', 'POLI KULIT', NULL),
(130, 12201578, '', 'MISIARINI', 'POLI SARAF', NULL),
(131, 12503988, '', 'LILIS TIANINGSIH', 'POLI KULIT', NULL),
(132, 12201011, '', 'SUNARJI', 'POLI DALAM', NULL),
(133, 12507878, '', 'S NUR HAYATI', 'POLI SARAF', NULL),
(134, 12507991, '', 'HOLIFAH', 'POLI OBGYN', NULL),
(135, 12505249, '', 'NUR FADILAH', 'POLI SARAF', NULL),
(136, 12006763, '', 'ANIK MUALLIFAH', 'POLI DALAM', NULL),
(137, 12103981, '', 'FITRIA WIJAYANTI', 'POLI SARAF', NULL),
(138, 12508029, '', 'BAMBANG WINARTO', 'POLI DALAM', NULL),
(139, 12407869, '', 'MUSLIHA', 'POLI DALAM', NULL),
(140, 12301465, '', 'ROBIATUL ALHIDAYAH', 'POLI SARAF', NULL),
(141, 12501801, '', 'SUPRIATI', 'POLI SARAF', NULL),
(142, 12206145, '', 'PUSPANINGISH', 'POLI SARAF', NULL),
(143, 11903761, '', 'SUJOTO', 'POLI DALAM', NULL),
(144, 12507909, '', 'NAVY IMRON', 'POLI SARAF', NULL),
(145, 12104905, '', 'MUJIATIN', 'POLI SARAF', NULL),
(146, 12508166, '', 'AKHMAD ISWANTO', 'POLI DALAM', NULL),
(147, 12502028, '', 'DJUWARIYAH', 'POLI SARAF', NULL),
(148, 12502028, '', 'DRG. WIEDI', 'POLI GIGI', NULL),
(149, 12504825, '', 'SUPANGAT', 'POLI DALAM', NULL),
(150, 11602711, '', 'MUHARTINI', 'POLI SARAF', NULL),
(151, 12508160, '', 'RICKY HARYANTO', 'POLI KULIT', NULL),
(152, 12500490, '', 'YUYUN LESTARI', 'POLI SARAF', NULL),
(153, 12507981, '', 'DAYYANA HABIBAH', 'POLI KULIT', NULL),
(154, 12508171, '', 'ALYA DEVI', 'POLI OBGYN', NULL),
(155, 12507885, '', 'KABAT', 'POLI BEDAH', NULL),
(156, 12508175, '', 'M KURNIADI', 'POLI SARAF', NULL),
(157, 12507195, '', 'SITI UMI LATIFAH', 'POLI DALAM', NULL),
(158, 12508157, '', 'M ROKHANIDIN', 'POLI BEDAH', NULL),
(159, 12506570, '', 'LULUK MUTMAINAH', 'POLI BEDAH', NULL),
(160, 12507989, '', 'SULISTIN', 'POLI BEDAH', NULL),
(161, 12507989, '', 'DRG. WIEDI', 'POLI GIGI', NULL),
(162, 12307097, '', 'ROHEMAH', 'POLI BEDAH', NULL),
(163, 12508173, '', 'JAMILAH', 'POLI OBGYN', NULL),
(164, 12507851, '', 'M YASIN', 'POLI BEDAH', NULL),
(165, 11909638, '', 'ITA DWI', 'POLI ORTHO', NULL),
(166, 12507685, '', 'ISMAIL', 'POLI ORTHO', NULL),
(167, 11804591, '', 'LASIM', 'POLI SARAF', NULL),
(168, 12306315, '', 'SUMINI', 'POLI SARAF', NULL),
(169, 12502031, '', 'EKA YUNI PRATIWI', 'POLI ANAK', NULL),
(170, 12500930, '', 'SAKINAH', 'POLI ANAK', NULL),
(171, 12507929, '', 'GIYANTO', 'POLI KULIT', NULL),
(172, 12500719, '', 'SAMUI', 'POLI SARAF', NULL),
(173, 12501618, '', 'DEWI KUSUMAWATI', 'POLI SARAF', NULL),
(174, 12407499, '', 'RUKIANI', 'POLI SARAF', NULL),
(175, 12408471, '', 'NUR AHMAD', 'POLI SARAF', NULL),
(176, 12302294, '', 'ARUMI NASHA RAZETA', 'POLI ANAK', NULL),
(177, 12406967, '', 'SUGIANTO', 'POLI SARAF', NULL),
(178, 11908021, '', 'ASSYIFA RAHMADITYA WARDANI', 'POLI ANAK', NULL),
(179, 12506902, '', 'DIANA PERTIWI', 'POLI GIGI', NULL),
(180, 12402747, '', 'MUHAMMAD SYAHRIL RAMADHAN', 'POLI ANAK', NULL),
(181, 12508056, '', 'KHALID SYADDAD', 'POLI ANAK', NULL),
(182, 12505496, '', 'GRAZIELA SEAMBA', 'POLI ANAK', NULL),
(183, 11901800, '', 'KHOIROTUL ILMIAH', 'POLI OBGYN', NULL),
(184, 12401631, '', 'RETNO ESTINIGDYAH', 'POLI SARAF', NULL),
(185, 12402963, '', 'MUJIANTO', 'POLI SARAF', NULL),
(186, 12508203, '', 'MUHAMMAD AKBAR', 'POLI ANAK', NULL),
(187, 12508016, '', 'AI RUKKHADEVATA', 'POLI ANAK', NULL),
(188, 12503225, '', 'MOHAMAD HASAN', 'POLI SARAF', NULL),
(189, 12004325, '', 'FARIDA NINGSIH', 'POLI SARAF', NULL),
(190, 12507758, '', 'MUHAMMAD ARSHAVIN', 'POLI ANAK', NULL),
(191, 12504955, '', 'CRESENSIUS HANNY', 'POLI GIGI', NULL),
(192, 12308058, '', 'WAYTA LUCHANI', 'POLI SARAF', NULL),
(193, 12103648, '', 'NGATEMI', 'POLI SARAF', NULL),
(194, 12203453, '', 'MUHAMMAD FAUZAN', 'POLI ANAK', NULL),
(195, 11800651, '', 'SAWATI', 'POLI SARAF', NULL),
(196, 12100865, '', 'AINUN NASHOIHIH', 'POLI ANAK', NULL),
(197, 12508005, '', 'SULISTIYOWATI', 'POLI SARAF', NULL),
(198, 12508093, '', 'FIRA SAPUTRI RAMADANIA', 'POLI ANAK', NULL),
(199, 11805345, '', 'FITRI SRI WAHYUNI', 'POLI OBGYN', NULL),
(200, 12302695, '', 'SUJARWATI', 'POLI SARAF', NULL),
(201, 12104958, '', 'UMI MUZDALIFAH', 'POLI GIGI', NULL),
(202, 12504227, '', 'SENENTEN', 'POLI SARAF', NULL),
(203, 12302914, '', 'PAINI', 'POLI SARAF', NULL),
(204, 12508032, '', 'SHOLATI', 'POLI SARAF', NULL),
(205, 12307386, '', 'USWATUN KHASANAH', 'POLI SARAF', NULL),
(206, 12501648, '', 'MACHDALENE L', 'POLI SARAF', NULL),
(207, 12202437, '', 'ARROFIQU AHMAD', 'POLI SARAF', NULL),
(208, 11804530, '', 'TITIM PUJI', 'POLI SARAF', NULL),
(209, 12508098, '', 'FERZA FIRMANSAH', 'POLI BEDAH', NULL),
(210, 12408497, '', 'ASROFIYAH', 'POLI SARAF', NULL),
(211, 12508023, '', 'ANDINI PUTRI', 'POLI KULIT', NULL),
(212, 12507821, '', 'HASNA YUMNA', 'POLI ANAK', NULL),
(213, 11702211, '', 'UMIATI', 'POLI SARAF', NULL),
(214, 11805345, '', 'FITRI SRI', 'POLI OBGYN', NULL),
(215, 12504489, '', 'ELLA ALEXIA', 'POLI SARAF', NULL),
(216, 12506915, '', 'UNTUNG AHMAD', 'POLI SARAF', NULL),
(217, 12508068, '', 'KUSNADI', 'POLI SARAF', NULL),
(218, 12508079, '', 'MUH ARAFIK', 'POLI BEDAH', NULL),
(219, 12401652, '', 'WASIS', 'POLI SARAF', NULL),
(220, 12504566, '', 'M ASHRAF', 'POLI ANAK', NULL),
(221, 11702328, '', 'USWATUN HASANAH', 'POLI SARAF', NULL),
(222, 11903761, '', 'SUJOTO', 'POLI SARAF', NULL),
(223, 12406728, '', 'DIAH PUSAKA', 'POLI BEDAH', NULL),
(224, 12503401, '', 'LILIK SUBANDIAH', 'POLI SARAF', NULL),
(225, 12305740, '', 'SITI MUSAROFA', 'POLI SARAF', NULL),
(226, 12003311, '', 'ROFID MAULANA', 'POLI BEDAH', NULL),
(227, 12306662, '', 'AYU RAHMANDA', 'POLI ORTHO', NULL),
(228, 12508057, '', 'AGUS RIANTO', 'POLI ORTHO', NULL),
(229, 12508213, '', 'ARDIAS AKIO', 'POLI ORTHO', NULL),
(230, 12105825, '', 'M IMAM HANAVIE', 'POLI SARAF', NULL),
(231, 12508009, '', 'YULIANA', 'POLI OBGYN', NULL),
(232, 12508183, '', 'MOCHAMMAD YUSUF', 'POLI ORTHO', NULL),
(233, 12307669, '', 'CICIK FIDIANTI', 'POLI OBGYN', NULL),
(234, 12400036, '', 'MUDJIATI', 'POLI DALAM', NULL),
(235, 12400689, '', 'DIEN PUSTI A', 'POLI ORTHO', NULL),
(236, 12502743, '', 'SITI AMINAH', 'POLI DALAM', NULL),
(237, 12408485, '', 'Z SLAMET', 'POLI SARAF', NULL),
(238, 12205125, '', 'RUWATI', 'POLI SARAF', NULL),
(239, 12406425, '', 'YUNANI FITRIA', 'POLI DALAM', NULL),
(240, 12400041, '', 'NURUL LAILATUL F', 'POLI SARAF', NULL),
(241, 12407940, '', 'NUR FADILAH', 'POLI SARAF', NULL),
(242, 12308586, '', 'SURYANI', 'POLI DALAM', NULL),
(243, 12408304, '', 'MISNI', 'POLI SARAF', NULL),
(244, 12507736, '', 'SINTA NURYANTI', 'POLI OBGYN', NULL),
(245, 12307458, '', 'NURILLAH', 'POLI DALAM', NULL),
(246, 12503724, '', 'QOMARUDDIN', 'POLI SARAF', NULL),
(247, 12503099, '', 'MOCH MACHFUT', 'POLI SARAF', NULL),
(248, 12408424, '', 'RIRIN ISNAWATI', 'POLI DALAM', NULL),
(249, 12506508, '', 'HELMYZON', 'POLI DALAM', NULL),
(250, 12504980, '', 'SITI ROHMAH', 'POLI SARAF', NULL),
(251, 12505657, '', 'JUMIAH', 'POLI SARAF', NULL),
(252, 12202515, '', 'PATEMI', 'POLI DALAM', NULL),
(253, 12400938, '', 'PONISRI', 'POLI SARAF', NULL),
(254, 12400985, '', 'ASIMIN', 'POLI SARAF', NULL),
(255, 12508293, '', 'THOIFATUL BARIYAH', 'POLI OBGYN', NULL),
(256, 11902508, '', 'SITI ROMLAH', 'POLI SARAF', NULL),
(257, 12501663, '', 'ERNI', 'POLI DALAM', NULL),
(258, 12408492, '', 'JANGKUNG B', 'POLI SARAF', NULL),
(259, 12303325, '', 'SAYUTIK', 'POLI SARAF', NULL),
(260, 12502320, '', 'NUR IDA YATI', 'POLI SARAF', NULL),
(261, 12302221, '', 'AILILAH AGUSTIN', 'POLI SARAF', NULL),
(262, 12406588, '', 'DEWI NURHAYATI', 'POLI SARAF', NULL),
(263, 11904809, '', 'AGUS SETIAWAN', 'POLI SARAF', NULL),
(264, 12506943, '', 'NGATEMIN', 'POLI SARAF', NULL),
(265, 11803817, '', 'ERWIN SETYO', 'POLI OBGYN', NULL),
(266, 12003560, '', 'ISTAMAR', 'POLI DALAM', NULL),
(267, 12508297, '', 'BUNGA NAFEEZA', 'POLI ANAK', NULL),
(268, 12508253, '', 'SAHRONI', 'POLI BEDAH', NULL),
(269, 12508302, '', 'AKHMAD FAISOL', 'POLI BEDAH', NULL),
(270, 12507619, '', 'YOSI MARTHANTI', 'POLI PARU', NULL),
(271, 12406160, '', 'SITI HALIMAH', 'POLI ORTHO', NULL),
(272, 12408169, '', 'RAMIATI', 'POLI SARAF', NULL),
(273, 12300204, '', 'SITI NUROHMAH', 'POLI SARAF', NULL),
(274, 12507490, '', 'YUNIS SETYOWATI', 'POLI ORTHO', NULL),
(275, 12308291, '', 'NISWATUS SUFIAH', 'POLI BEDAH', NULL),
(276, 12508107, '', 'DEWI SAADAH', 'POLI PARU', NULL),
(277, 12508290, '', 'RAFAEL DEVRA S', 'POLI BEDAH', NULL),
(278, 12504437, '', 'HAMIDAH', 'POLI BEDAH', NULL),
(279, 12508182, '', 'THIA AMALIA', 'POLI BEDAH', NULL),
(280, 12503690, '', 'SHOFIAH', 'POLI BEDAH', NULL),
(281, 12508007, '', 'SETIYOWATI', 'POLI BEDAH', NULL),
(282, 12400177, '', 'MISDI', 'POLI ORTHO', NULL),
(283, 12308291, '', 'NISWATUS SUFIAH', 'POLI BEDAH', NULL),
(284, 12507881, '', 'YENI ROCHMAWATI', 'POLI OBGYN', NULL),
(285, 12401096, '', 'KAYSYAH ANINDIA SAFIRA', 'POLI OBGYN', NULL),
(286, 12405006, '', 'WINARSIH', 'POLI OBGYN', NULL),
(287, 12504954, '', 'NOVI USWATUN KHASANAH', 'POLI KULIT', NULL),
(288, 12007948, '', 'MOKHAMAD ROKHIM', 'POLI KULIT', NULL),
(289, 12500420, '', 'MUHAMMAD SAMIER', 'POLI ANAK', NULL),
(290, 12500181, '', 'SETIADI WIJAYA', 'POLI KULIT', NULL),
(291, 12206151, '', 'RUFAHIJAH', 'POLI KULIT', NULL),
(292, 12407760, '', 'M EL FATHAR', 'POLI ANAK', NULL),
(293, 12500881, '', 'MOUSTOFA A', 'POLI KULIT', NULL),
(294, 12508020, '', 'PARING', 'POLI BEDAH', NULL),
(295, 12508227, '', 'SYAMSUDIN', 'POLI BEDAH', NULL),
(296, 12508082, '', 'MUHAMMAD FHAREL', 'POLI BEDAH', NULL),
(297, 11802489, '', 'REVAN SURYA SAPUTRA', 'POLI BEDAH', NULL),
(298, 12507998, '', 'WAWAN MOHAMMAT TOYEP', 'POLI BEDAH', NULL),
(299, 12508082, '', 'MUHAMMAD FHAREL', 'POLI BEDAH', NULL),
(300, 12508082, '', 'SYAMSUDIN', 'POLI BEDAH', NULL),
(301, 12508082, '', 'ROATUL SYAFIYA', 'POLI BEDAH', NULL),
(302, 12201559, '', 'FIRZA AQILA A', 'POLI BEDAH', NULL),
(303, 12508090, '', 'TRI ARI PANGESTU', 'POLI BEDAH', NULL),
(304, 12007828, '', 'SUPINAH', 'POLI BEDAH', NULL),
(305, 12507180, '', 'TAMYIS', 'POLI BEDAH', NULL),
(306, 12504707, '', 'FIRNAWATI', 'POLI BEDAH', NULL),
(307, 12503226, '', 'NURILIA VANINA', 'POLI ORTHO', NULL),
(308, 11602002, '', 'ENDANG BUDI WAHYUNI', 'POLI DALAM', NULL);

-- --------------------------------------------------------

--
-- Struktur dari tabel `resep`
--

CREATE TABLE `resep` (
  `id` int(11) NOT NULL,
  `pasien_id` int(11) DEFAULT NULL,
  `obat_id` int(11) DEFAULT NULL,
  `jumlah` int(11) DEFAULT NULL,
  `tanggal_input` date DEFAULT NULL
) ENGINE=InnoDB DEFAULT CHARSET=utf8mb4;

--
-- Dumping data untuk tabel `resep`
--

INSERT INTO `resep` (`id`, `pasien_id`, `obat_id`, `jumlah`, `tanggal_input`) VALUES
(1, 1, 1, 10, '2025-12-22'),
(2, 2, 2, 30, '2025-12-22'),
(3, 2, 3, 10, '2025-12-22'),
(4, 2, 4, 30, '2025-12-22'),
(5, 2, 5, 3, '2025-12-22'),
(6, 2, 6, 5, '2025-12-22'),
(7, 2, 7, 60, '2025-12-22'),
(8, 2, 8, 15, '2025-12-22'),
(9, 3, 9, 15, '2025-12-22'),
(10, 4, 10, 15, '2025-12-22'),
(11, 5, 11, 30, '2025-12-22'),
(12, 5, 5, 3, '2025-12-22'),
(13, 5, 6, 5, '2025-12-22'),
(14, 5, 12, 10, '2025-12-22'),
(15, 5, 13, 30, '2025-12-22'),
(16, 6, 14, 1, '2025-12-22'),
(17, 6, 15, 3, '2025-12-22'),
(18, 6, 6, 5, '2025-12-22'),
(19, 6, 16, 60, '2025-12-22'),
(20, 6, 17, 45, '2025-12-22'),
(21, 7, 18, 1, '2025-12-22'),
(22, 7, 19, 1, '2025-12-22'),
(23, 8, 10, 8, '2025-12-22'),
(24, 8, 20, 90, '2025-12-22'),
(25, 8, 13, 30, '2025-12-22'),
(26, 8, 5, 4, '2025-12-22'),
(27, 8, 6, 5, '2025-12-22'),
(28, 8, 21, 15, '2025-12-22'),
(29, 8, 22, 10, '2025-12-22'),
(30, 9, 3, 10, '2025-12-22'),
(31, 9, 23, 60, '2025-12-22'),
(32, 9, 24, 45, '2025-12-22'),
(33, 9, 20, 90, '2025-12-22'),
(34, 9, 17, 90, '2025-12-22'),
(35, 10, 10, 30, '2025-12-22'),
(36, 10, 11, 30, '2025-12-22'),
(37, 10, 25, 30, '2025-12-22'),
(38, 11, 10, 30, '2025-12-22'),
(39, 11, 11, 30, '2025-12-22'),
(40, 11, 26, 30, '2025-12-22'),
(41, 11, 27, 30, '2025-12-22'),
(42, 11, 13, 30, '2025-12-22'),
(43, 11, 5, 4, '2025-12-22'),
(44, 11, 6, 5, '2025-12-22'),
(45, 12, 1, 10, '2025-12-22'),
(46, 12, 8, 15, '2025-12-22'),
(47, 12, 28, 90, '2025-12-22'),
(48, 12, 23, 30, '2025-12-22'),
(49, 12, 29, 30, '2025-12-22'),
(50, 12, 30, 30, '2025-12-22'),
(51, 12, 27, 30, '2025-12-22'),
(52, 12, 31, 90, '2025-12-22'),
(53, 13, 32, 30, '2025-12-22'),
(54, 13, 10, 30, '2025-12-22'),
(55, 13, 23, 30, '2025-12-22'),
(56, 13, 33, 30, '2025-12-22'),
(57, 13, 34, 30, '2025-12-22'),
(58, 13, 30, 30, '2025-12-22'),
(59, 13, 28, 90, '2025-12-22'),
(60, 14, 35, 30, '2025-12-22'),
(61, 14, 10, 30, '2025-12-22'),
(62, 14, 36, 30, '2025-12-22'),
(63, 14, 37, 30, '2025-12-22'),
(64, 14, 38, 15, '2025-12-22'),
(65, 14, 39, 15, '2025-12-22'),
(66, 14, 40, 15, '2025-12-22'),
(67, 14, 3, 10, '2025-12-22'),
(68, 14, 41, 30, '2025-12-22'),
(69, 15, 42, 10, '2025-12-22'),
(70, 15, 43, 7, '2025-12-22'),
(71, 15, 44, 10, '2025-12-22'),
(72, 15, 45, 1, '2025-12-22'),
(73, 15, 46, 2, '2025-12-22'),
(74, 15, 47, 2, '2025-12-22'),
(75, 15, 48, 1, '2025-12-22'),
(76, 16, 35, 30, '2025-12-22'),
(77, 16, 36, 30, '2025-12-22'),
(78, 16, 49, 10, '2025-12-22'),
(79, 16, 37, 30, '2025-12-22'),
(80, 16, 38, 8, '2025-12-22'),
(81, 16, 39, 15, '2025-12-22'),
(82, 17, 50, 30, '2025-12-22'),
(83, 17, 51, 30, '2025-12-22'),
(84, 17, 52, 30, '2025-12-22'),
(85, 17, 38, 8, '2025-12-22'),
(86, 17, 39, 15, '2025-12-22'),
(87, 17, 3, 10, '2025-12-22'),
(88, 17, 34, 30, '2025-12-22'),
(89, 18, 52, 15, '2025-12-22'),
(90, 18, 53, 30, '2025-12-22'),
(91, 18, 54, 30, '2025-12-22'),
(92, 18, 55, 360, '2025-12-22'),
(93, 18, 3, 10, '2025-12-22'),
(94, 19, 56, 20, '2025-12-22'),
(95, 19, 43, 20, '2025-12-22'),
(96, 19, 44, 20, '2025-12-22'),
(97, 19, 57, 20, '2025-12-22'),
(98, 19, 58, 30, '2025-12-22'),
(99, 19, 59, 30, '2025-12-22'),
(100, 19, 40, 20, '2025-12-22'),
(101, 20, 35, 30, '2025-12-22'),
(102, 20, 27, 30, '2025-12-22'),
(103, 20, 13, 30, '2025-12-22'),
(104, 20, 3, 10, '2025-12-22'),
(105, 20, 60, 30, '2025-12-22'),
(106, 21, 56, 20, '2025-12-22'),
(107, 21, 43, 20, '2025-12-22'),
(108, 21, 44, 20, '2025-12-22'),
(109, 21, 57, 20, '2025-12-22'),
(110, 21, 61, 30, '2025-12-22'),
(111, 21, 62, 1, '2025-12-22'),
(112, 21, 63, 30, '2025-12-22'),
(113, 22, 1, 10, '2025-12-22'),
(114, 22, 64, 10, '2025-12-22'),
(115, 22, 65, 1, '2025-12-22'),
(116, 22, 66, 1, '2025-12-22'),
(117, 22, 67, 1, '2025-12-22'),
(118, 23, 43, 10, '2025-12-22'),
(119, 23, 68, 10, '2025-12-22'),
(120, 23, 69, 6, '2025-12-22'),
(121, 24, 70, 1, '2025-12-22'),
(122, 24, 71, 1, '2025-12-22'),
(123, 25, 43, 5, '2025-12-22'),
(124, 25, 1, 7, '2025-12-22'),
(125, 25, 72, 7, '2025-12-22'),
(126, 25, 73, 1, '2025-12-22'),
(127, 26, 11, 30, '2025-12-22'),
(128, 26, 37, 10, '2025-12-22'),
(129, 26, 13, 30, '2025-12-22'),
(130, 26, 36, 30, '2025-12-22'),
(131, 26, 3, 10, '2025-12-22'),
(132, 26, 74, 1, '2025-12-22'),
(133, 27, 75, 30, '2025-12-22'),
(134, 27, 3, 10, '2025-12-22'),
(135, 27, 7, 30, '2025-12-22'),
(136, 27, 37, 30, '2025-12-22'),
(137, 27, 39, 30, '2025-12-22'),
(138, 28, 59, 30, '2025-12-22'),
(139, 28, 76, 1, '2025-12-22'),
(140, 28, 63, 30, '2025-12-22'),
(141, 28, 13, 30, '2025-12-22'),
(142, 28, 56, 20, '2025-12-22'),
(143, 28, 43, 20, '2025-12-22'),
(144, 28, 57, 20, '2025-12-22'),
(145, 28, 44, 20, '2025-12-22'),
(146, 29, 77, 3, '2025-12-22'),
(147, 29, 78, 30, '2025-12-22'),
(148, 29, 79, 30, '2025-12-22'),
(149, 29, 80, 30, '2025-12-22'),
(150, 29, 16, 30, '2025-12-22'),
(151, 29, 15, 2, '2025-12-22'),
(152, 29, 6, 5, '2025-12-22'),
(153, 29, 32, 15, '2025-12-22'),
(154, 29, 63, 60, '2025-12-22'),
(155, 29, 81, 1, '2025-12-22'),
(156, 30, 69, 10, '2025-12-22'),
(157, 30, 82, 10, '2025-12-22'),
(158, 30, 47, 1, '2025-12-22'),
(159, 30, 48, 1, '2025-12-22'),
(160, 31, 83, 1, '2025-12-22'),
(161, 31, 84, 15, '2025-12-22'),
(162, 31, 43, 15, '2025-12-22'),
(163, 31, 69, 10, '2025-12-22'),
(164, 31, 85, 30, '2025-12-22'),
(165, 32, 86, 30, '2025-12-22'),
(166, 32, 87, 30, '2025-12-22'),
(167, 33, 1, 10, '2025-12-22'),
(168, 33, 88, 1, '2025-12-22'),
(169, 33, 65, 1, '2025-12-22'),
(170, 33, 48, 1, '2025-12-22'),
(171, 33, 47, 1, '2025-12-22'),
(172, 33, 66, 1, '2025-12-22'),
(173, 34, 35, 30, '2025-12-22'),
(174, 34, 33, 30, '2025-12-22'),
(175, 34, 10, 30, '2025-12-22'),
(176, 34, 7, 30, '2025-12-22'),
(177, 34, 20, 60, '2025-12-22'),
(178, 34, 84, 30, '2025-12-22'),
(179, 34, 39, 15, '2025-12-22'),
(180, 35, 76, 1, '2025-12-22'),
(181, 35, 59, 30, '2025-12-22'),
(182, 35, 56, 20, '2025-12-22'),
(183, 35, 43, 20, '2025-12-22'),
(184, 35, 44, 20, '2025-12-22'),
(185, 35, 57, 20, '2025-12-22'),
(186, 36, 89, 5, '2025-12-22'),
(187, 36, 73, 1, '2025-12-22'),
(188, 36, 35, 30, '2025-12-22'),
(189, 36, 84, 30, '2025-12-22'),
(190, 36, 38, 8, '2025-12-22'),
(191, 36, 39, 15, '2025-12-22'),
(192, 36, 3, 10, '2025-12-22'),
(193, 37, 74, 1, '2025-12-22'),
(194, 37, 10, 15, '2025-12-22'),
(195, 37, 11, 30, '2025-12-22'),
(196, 37, 27, 30, '2025-12-22'),
(197, 37, 90, 30, '2025-12-22'),
(198, 37, 13, 30, '2025-12-22'),
(199, 37, 3, 10, '2025-12-22'),
(200, 38, 35, 30, '2025-12-22'),
(201, 38, 27, 30, '2025-12-22'),
(202, 38, 91, 30, '2025-12-22'),
(203, 38, 7, 30, '2025-12-22'),
(204, 38, 3, 10, '2025-12-22'),
(205, 39, 92, 1, '2025-12-22'),
(206, 39, 93, 1, '2025-12-22'),
(207, 39, 94, 1, '2025-12-22'),
(208, 39, 47, 1, '2025-12-22'),
(209, 39, 69, 6, '2025-12-22'),
(210, 39, 82, 10, '2025-12-22'),
(211, 40, 61, 30, '2025-12-22'),
(212, 40, 95, 1, '2025-12-22'),
(213, 40, 62, 1, '2025-12-22'),
(214, 40, 96, 10, '2025-12-22'),
(215, 40, 42, 15, '2025-12-22'),
(216, 40, 14, 1, '2025-12-22'),
(217, 40, 56, 20, '2025-12-22'),
(218, 40, 43, 20, '2025-12-22'),
(219, 40, 44, 20, '2025-12-22'),
(220, 40, 57, 20, '2025-12-22'),
(221, 41, 45, 1, '2025-12-22'),
(222, 41, 97, 1, '2025-12-22'),
(223, 41, 68, 15, '2025-12-22'),
(224, 41, 43, 40, '2025-12-22'),
(225, 42, 98, 2, '2025-12-22'),
(226, 42, 99, 1, '2025-12-22'),
(227, 42, 100, 1, '2025-12-22'),
(228, 43, 74, 1, '2025-12-22'),
(229, 43, 23, 30, '2025-12-22'),
(230, 43, 20, 135, '2025-12-22'),
(231, 43, 27, 30, '2025-12-22'),
(232, 43, 101, 30, '2025-12-22'),
(233, 43, 13, 30, '2025-12-22'),
(234, 44, 102, 30, '2025-12-22'),
(235, 44, 63, 30, '2025-12-22'),
(236, 44, 62, 1, '2025-12-22'),
(237, 44, 56, 20, '2025-12-22'),
(238, 44, 43, 20, '2025-12-22'),
(239, 44, 44, 20, '2025-12-22'),
(240, 44, 57, 20, '2025-12-22'),
(241, 45, 52, 30, '2025-12-22'),
(242, 45, 38, 8, '2025-12-22'),
(243, 45, 39, 15, '2025-12-22'),
(244, 45, 40, 15, '2025-12-22'),
(245, 45, 10, 30, '2025-12-22'),
(246, 45, 32, 30, '2025-12-22'),
(247, 45, 13, 30, '2025-12-22'),
(248, 45, 103, 10, '2025-12-22'),
(249, 45, 7, 30, '2025-12-22'),
(250, 45, 3, 10, '2025-12-22'),
(251, 46, 33, 30, '2025-12-22'),
(252, 46, 26, 30, '2025-12-22'),
(253, 46, 104, 30, '2025-12-22'),
(254, 46, 20, 90, '2025-12-22'),
(255, 46, 101, 30, '2025-12-22'),
(256, 46, 13, 30, '2025-12-22'),
(257, 46, 4, 30, '2025-12-22'),
(258, 47, 105, 30, '2025-12-22'),
(259, 47, 59, 30, '2025-12-22'),
(260, 47, 68, 15, '2025-12-22'),
(261, 47, 106, 15, '2025-12-22'),
(262, 47, 42, 15, '2025-12-22'),
(263, 47, 14, 1, '2025-12-22'),
(264, 48, 88, 1, '2025-12-22'),
(265, 48, 107, 1, '2025-12-22'),
(266, 49, 108, 1, '2025-12-22'),
(267, 49, 109, 1, '2025-12-22'),
(268, 49, 63, 30, '2025-12-22'),
(269, 49, 59, 30, '2025-12-22'),
(270, 49, 56, 20, '2025-12-22'),
(271, 49, 43, 20, '2025-12-22'),
(272, 49, 44, 20, '2025-12-22'),
(273, 49, 57, 20, '2025-12-22'),
(274, 50, 35, 30, '2025-12-22'),
(275, 50, 3, 10, '2025-12-22'),
(276, 50, 36, 30, '2025-12-22'),
(277, 50, 52, 15, '2025-12-22'),
(278, 50, 34, 30, '2025-12-22'),
(279, 51, 33, 30, '2025-12-22'),
(280, 51, 34, 30, '2025-12-22'),
(281, 51, 10, 30, '2025-12-22'),
(282, 51, 15, 2, '2025-12-22'),
(283, 51, 6, 5, '2025-12-22'),
(284, 51, 17, 60, '2025-12-22'),
(285, 52, 95, 1, '2025-12-22'),
(286, 52, 108, 1, '2025-12-22'),
(287, 52, 56, 20, '2025-12-22'),
(288, 52, 43, 20, '2025-12-22'),
(289, 52, 44, 20, '2025-12-22'),
(290, 52, 57, 20, '2025-12-22'),
(291, 53, 33, 30, '2025-12-22'),
(292, 53, 110, 30, '2025-12-22'),
(293, 53, 10, 8, '2025-12-22'),
(294, 53, 20, 135, '2025-12-22'),
(295, 53, 1, 15, '2025-12-22'),
(296, 53, 111, 90, '2025-12-22'),
(297, 53, 13, 30, '2025-12-22'),
(298, 54, 112, 20, '2025-12-22'),
(299, 54, 12, 10, '2025-12-22'),
(300, 54, 9, 10, '2025-12-22'),
(301, 55, 35, 30, '2025-12-22'),
(302, 55, 3, 10, '2025-12-22'),
(303, 55, 113, 8, '2025-12-22'),
(304, 55, 27, 30, '2025-12-22'),
(305, 55, 114, 30, '2025-12-22'),
(306, 56, 115, 1, '2025-12-22'),
(307, 56, 61, 30, '2025-12-22'),
(308, 56, 56, 20, '2025-12-22'),
(309, 56, 43, 20, '2025-12-22'),
(310, 56, 44, 20, '2025-12-22'),
(311, 56, 57, 20, '2025-12-22'),
(312, 56, 116, 1, '2025-12-22'),
(313, 57, 61, 10, '2025-12-22'),
(314, 58, 115, 1, '2025-12-22'),
(315, 59, 76, 1, '2025-12-22'),
(316, 59, 50, 30, '2025-12-22'),
(317, 59, 63, 30, '2025-12-22'),
(318, 59, 56, 20, '2025-12-22'),
(319, 59, 43, 20, '2025-12-22'),
(320, 59, 44, 20, '2025-12-22'),
(321, 59, 57, 20, '2025-12-22'),
(322, 60, 74, 1, '2025-12-22'),
(323, 60, 10, 7, '2025-12-22'),
(324, 60, 26, 14, '2025-12-22'),
(325, 60, 15, 1, '2025-12-22'),
(326, 60, 6, 1, '2025-12-22'),
(327, 60, 117, 14, '2025-12-22'),
(328, 60, 27, 7, '2025-12-22'),
(329, 61, 37, 15, '2025-12-22'),
(330, 61, 56, 20, '2025-12-22'),
(331, 61, 43, 20, '2025-12-22'),
(332, 61, 44, 10, '2025-12-22'),
(333, 61, 57, 20, '2025-12-22'),
(334, 61, 58, 30, '2025-12-22'),
(335, 61, 59, 30, '2025-12-22'),
(336, 61, 63, 30, '2025-12-22'),
(337, 61, 102, 30, '2025-12-22'),
(338, 62, 18, 1, '2025-12-22'),
(339, 63, 19, 2, '2025-12-22'),
(340, 63, 112, 15, '2025-12-22'),
(341, 63, 118, 15, '2025-12-22'),
(342, 63, 12, 10, '2025-12-22'),
(343, 64, 27, 30, '2025-12-22'),
(344, 64, 36, 30, '2025-12-22'),
(345, 64, 52, 15, '2025-12-22'),
(346, 64, 49, 10, '2025-12-22'),
(347, 64, 33, 30, '2025-12-22'),
(348, 64, 119, 15, '2025-12-22'),
(349, 64, 14, 1, '2025-12-22'),
(350, 65, 23, 14, '2025-12-22'),
(351, 65, 33, 7, '2025-12-22'),
(352, 65, 10, 4, '2025-12-22'),
(353, 65, 26, 7, '2025-12-22'),
(354, 65, 27, 7, '2025-12-22'),
(355, 65, 13, 7, '2025-12-22'),
(356, 65, 17, 21, '2025-12-22'),
(357, 66, 18, 1, '2025-12-22'),
(358, 67, 66, 1, '2025-12-22'),
(359, 67, 88, 1, '2025-12-22'),
(360, 68, 18, 1, '2025-12-22'),
(361, 69, 56, 8, '2025-12-22'),
(362, 69, 120, 4, '2025-12-22'),
(363, 69, 57, 4, '2025-12-22'),
(364, 69, 121, 4, '2025-12-22'),
(365, 69, 68, 10, '2025-12-22'),
(366, 69, 61, 10, '2025-12-22'),
(367, 70, 45, 1, '2025-12-22'),
(368, 70, 97, 1, '2025-12-22'),
(369, 70, 43, 40, '2025-12-22'),
(370, 70, 122, 15, '2025-12-22'),
(371, 70, 64, 15, '2025-12-22'),
(372, 70, 123, 10, '2025-12-22'),
(373, 71, 84, 10, '2025-12-22'),
(374, 71, 121, 10, '2025-12-22'),
(375, 71, 72, 10, '2025-12-22'),
(376, 72, 88, 1, '2025-12-22'),
(377, 73, 20, 60, '2025-12-22'),
(378, 73, 35, 30, '2025-12-22'),
(379, 73, 27, 30, '2025-12-22'),
(380, 73, 124, 30, '2025-12-22'),
(381, 73, 3, 10, '2025-12-22'),
(382, 74, 10, 30, '2025-12-22'),
(383, 74, 11, 30, '2025-12-22'),
(384, 74, 52, 15, '2025-12-22'),
(385, 74, 27, 30, '2025-12-22'),
(386, 74, 13, 30, '2025-12-22'),
(387, 74, 3, 10, '2025-12-22'),
(388, 75, 105, 30, '2025-12-22'),
(389, 75, 61, 30, '2025-12-22'),
(390, 75, 56, 20, '2025-12-22'),
(391, 75, 43, 20, '2025-12-22'),
(392, 75, 44, 10, '2025-12-22'),
(393, 75, 57, 20, '2025-12-22'),
(394, 76, 125, 1, '2025-12-22'),
(395, 76, 126, 1, '2025-12-22'),
(396, 76, 18, 1, '2025-12-22'),
(397, 76, 127, 1, '2025-12-22'),
(398, 77, 51, 15, '2025-12-22'),
(399, 77, 23, 60, '2025-12-22'),
(400, 77, 26, 30, '2025-12-22'),
(401, 77, 27, 30, '2025-12-22'),
(402, 77, 20, 90, '2025-12-22'),
(403, 77, 128, 60, '2025-12-22'),
(404, 77, 13, 30, '2025-12-22'),
(405, 77, 31, 90, '2025-12-22'),
(406, 78, 115, 1, '2025-12-22'),
(407, 79, 27, 30, '2025-12-22'),
(408, 79, 13, 30, '2025-12-22'),
(409, 79, 129, 6, '2025-12-22'),
(410, 79, 73, 1, '2025-12-22'),
(411, 79, 3, 10, '2025-12-22'),
(412, 80, 115, 1, '2025-12-22'),
(413, 80, 130, 3, '2025-12-22'),
(414, 80, 56, 20, '2025-12-22'),
(415, 80, 43, 20, '2025-12-22'),
(416, 80, 44, 10, '2025-12-22'),
(417, 80, 57, 20, '2025-12-22'),
(418, 81, 131, 10, '2025-12-22'),
(419, 82, 112, 10, '2025-12-22'),
(420, 82, 118, 10, '2025-12-22'),
(421, 82, 12, 10, '2025-12-22'),
(422, 82, 19, 1, '2025-12-22'),
(423, 83, 77, 3, '2025-12-22'),
(424, 83, 8, 4, '2025-12-22'),
(425, 83, 10, 7, '2025-12-22'),
(426, 83, 132, 3, '2025-12-22'),
(427, 83, 5, 3, '2025-12-22'),
(428, 83, 6, 5, '2025-12-22'),
(429, 83, 80, 7, '2025-12-22'),
(430, 83, 102, 7, '2025-12-22'),
(431, 84, 35, 30, '2025-12-22'),
(432, 84, 89, 5, '2025-12-22'),
(433, 84, 131, 10, '2025-12-22'),
(434, 84, 3, 10, '2025-12-22'),
(435, 84, 129, 6, '2025-12-22'),
(436, 85, 63, 30, '2025-12-22'),
(437, 85, 40, 15, '2025-12-22'),
(438, 85, 56, 20, '2025-12-22'),
(439, 85, 43, 20, '2025-12-22'),
(440, 85, 44, 20, '2025-12-22'),
(441, 85, 57, 20, '2025-12-22'),
(442, 85, 61, 30, '2025-12-22'),
(443, 85, 42, 15, '2025-12-22'),
(444, 85, 105, 30, '2025-12-22'),
(445, 86, 102, 15, '2025-12-22'),
(446, 86, 133, 5, '2025-12-22'),
(447, 86, 81, 1, '2025-12-22'),
(448, 87, 112, 10, '2025-12-22'),
(449, 87, 118, 10, '2025-12-22'),
(450, 87, 12, 10, '2025-12-22'),
(451, 87, 19, 1, '2025-12-22'),
(452, 88, 58, 30, '2025-12-22'),
(453, 88, 62, 1, '2025-12-22'),
(454, 88, 117, 30, '2025-12-22'),
(455, 88, 63, 30, '2025-12-22'),
(456, 88, 40, 15, '2025-12-22'),
(457, 88, 130, 3, '2025-12-22'),
(458, 88, 56, 20, '2025-12-22'),
(459, 88, 43, 20, '2025-12-22'),
(460, 88, 44, 20, '2025-12-22'),
(461, 88, 57, 20, '2025-12-22'),
(462, 89, 71, 1, '2025-12-22'),
(463, 89, 134, 1, '2025-12-22'),
(464, 90, 112, 10, '2025-12-22'),
(465, 90, 82, 10, '2025-12-22'),
(466, 90, 12, 5, '2025-12-22'),
(467, 90, 19, 1, '2025-12-22'),
(468, 91, 78, 30, '2025-12-22'),
(469, 91, 17, 90, '2025-12-22'),
(470, 91, 10, 30, '2025-12-22'),
(471, 91, 110, 30, '2025-12-22'),
(472, 91, 135, 30, '2025-12-22'),
(473, 91, 20, 90, '2025-12-22'),
(474, 91, 23, 60, '2025-12-22'),
(475, 92, 125, 1, '2025-12-22'),
(476, 92, 126, 1, '2025-12-22'),
(477, 92, 18, 1, '2025-12-22'),
(478, 92, 19, 1, '2025-12-22'),
(479, 93, 63, 30, '2025-12-22'),
(480, 93, 13, 30, '2025-12-22'),
(481, 93, 56, 20, '2025-12-22'),
(482, 93, 43, 20, '2025-12-22'),
(483, 93, 44, 20, '2025-12-22'),
(484, 93, 57, 20, '2025-12-22'),
(485, 93, 62, 1, '2025-12-22'),
(486, 93, 3, 10, '2025-12-22'),
(487, 93, 9, 15, '2025-12-22'),
(488, 94, 136, 15, '2025-12-22'),
(489, 94, 118, 10, '2025-12-22'),
(490, 94, 12, 10, '2025-12-22'),
(491, 95, 112, 10, '2025-12-22'),
(492, 95, 137, 10, '2025-12-22'),
(493, 95, 123, 10, '2025-12-22'),
(494, 95, 14, 1, '2025-12-22'),
(495, 95, 138, 10, '2025-12-22'),
(496, 95, 19, 1, '2025-12-22'),
(497, 96, 76, 1, '2025-12-22'),
(498, 96, 130, 30, '2025-12-22'),
(499, 96, 106, 15, '2025-12-22'),
(500, 97, 123, 10, '2025-12-22'),
(501, 97, 139, 10, '2025-12-22'),
(502, 97, 14, 1, '2025-12-22'),
(503, 98, 5, 2, '2025-12-22'),
(504, 98, 6, 5, '2025-12-22'),
(505, 98, 78, 30, '2025-12-22'),
(506, 98, 10, 30, '2025-12-22'),
(507, 98, 33, 30, '2025-12-22'),
(508, 99, 130, 3, '2025-12-22'),
(509, 99, 106, 15, '2025-12-22'),
(510, 99, 56, 20, '2025-12-22'),
(511, 99, 43, 20, '2025-12-22'),
(512, 99, 44, 20, '2025-12-22'),
(513, 99, 57, 20, '2025-12-22'),
(514, 100, 56, 20, '2025-12-22'),
(515, 100, 43, 20, '2025-12-22'),
(516, 100, 44, 20, '2025-12-22'),
(517, 100, 57, 20, '2025-12-22'),
(518, 100, 58, 30, '2025-12-22'),
(519, 100, 14, 1, '2025-12-22'),
(520, 100, 130, 30, '2025-12-22'),
(521, 100, 61, 30, '2025-12-22'),
(522, 101, 140, 32, '2025-12-22'),
(523, 101, 87, 32, '2025-12-22'),
(524, 102, 141, 1, '2025-12-22'),
(525, 102, 142, 112, '2025-12-22'),
(526, 102, 54, 60, '2025-12-22'),
(527, 103, 77, 3, '2025-12-22'),
(528, 103, 37, 15, '2025-12-22'),
(529, 103, 10, 30, '2025-12-22'),
(530, 103, 20, 60, '2025-12-22'),
(531, 103, 135, 45, '2025-12-22'),
(532, 103, 143, 15, '2025-12-22'),
(533, 103, 8, 15, '2025-12-22'),
(534, 104, 144, 1, '2025-12-22'),
(535, 104, 145, 1, '2025-12-22'),
(536, 104, 146, 1, '2025-12-22'),
(537, 105, 144, 1, '2025-12-22'),
(538, 105, 145, 1, '2025-12-22'),
(539, 105, 19, 1, '2025-12-22'),
(540, 106, 145, 1, '2025-12-22'),
(541, 63, 144, 1, '2025-12-22'),
(542, 63, 146, 1, '2025-12-22'),
(543, 63, 145, 1, '2025-12-22'),
(544, 63, 127, 1, '2025-12-22'),
(545, 63, 147, 0, '2025-12-22'),
(546, 107, 43, 20, '2025-12-23'),
(547, 107, 1, 10, '2025-12-23'),
(548, 107, 64, 10, '2025-12-23'),
(549, 107, 88, 1, '2025-12-23'),
(550, 107, 73, 1, '2025-12-23'),
(551, 107, 47, 1, '2025-12-23'),
(552, 108, 88, 1, '2025-12-23'),
(553, 108, 12, 10, '2025-12-23'),
(554, 109, 72, 10, '2025-12-23'),
(555, 109, 43, 20, '2025-12-23'),
(556, 109, 48, 1, '2025-12-23'),
(557, 109, 65, 1, '2025-12-23'),
(558, 109, 66, 1, '2025-12-23'),
(559, 110, 17, 60, '2025-12-23'),
(560, 110, 101, 30, '2025-12-23'),
(561, 110, 63, 30, '2025-12-23'),
(562, 110, 23, 30, '2025-12-23'),
(563, 110, 148, 30, '2025-12-23'),
(564, 110, 10, 60, '2025-12-23'),
(565, 111, 1, 20, '2025-12-23'),
(566, 111, 88, 1, '2025-12-23'),
(567, 111, 65, 1, '2025-12-23'),
(568, 111, 66, 1, '2025-12-23'),
(569, 112, 13, 0, '2025-12-23'),
(570, 112, 5, 2, '2025-12-23'),
(571, 112, 6, 5, '2025-12-23'),
(572, 112, 104, 30, '2025-12-23'),
(573, 112, 10, 30, '2025-12-23'),
(574, 112, 52, 15, '2025-12-23'),
(575, 112, 148, 30, '2025-12-23'),
(576, 113, 1, 20, '2025-12-23'),
(577, 113, 64, 20, '2025-12-23'),
(578, 113, 65, 1, '2025-12-23'),
(579, 113, 66, 1, '2025-12-23'),
(580, 113, 73, 1, '2025-12-23'),
(581, 113, 47, 1, '2025-12-23'),
(582, 114, 86, 30, '2025-12-23'),
(583, 115, 149, 3, '2025-12-23'),
(584, 115, 54, 24, '2025-12-23'),
(585, 116, 8, 7, '2025-12-23'),
(586, 116, 13, 7, '2025-12-23'),
(587, 116, 27, 7, '2025-12-23'),
(588, 116, 34, 7, '2025-12-23'),
(589, 116, 3, 7, '2025-12-23'),
(590, 116, 10, 7, '2025-12-23'),
(591, 117, 150, 1, '2025-12-23'),
(592, 117, 43, 10, '2025-12-23'),
(593, 117, 66, 1, '2025-12-23'),
(594, 118, 151, 2, '2025-12-23'),
(595, 118, 51, 6, '2025-12-23'),
(596, 118, 9, 6, '2025-12-23'),
(597, 118, 72, 6, '2025-12-23'),
(598, 118, 3, 5, '2025-12-23'),
(599, 119, 1, 10, '2025-12-23'),
(600, 119, 64, 10, '2025-12-23'),
(601, 119, 43, 10, '2025-12-23'),
(602, 119, 73, 1, '2025-12-23'),
(603, 119, 47, 2, '2025-12-23'),
(604, 119, 88, 1, '2025-12-23'),
(605, 120, 61, 5, '2025-12-23'),
(606, 120, 56, 5, '2025-12-23'),
(607, 120, 120, 1, '2025-12-23'),
(608, 120, 68, 4, '2025-12-23'),
(609, 120, 121, 4, '2025-12-23'),
(610, 120, 152, 2, '2025-12-23'),
(611, 120, 153, 1, '2025-12-23'),
(612, 120, 45, 1, '2025-12-23'),
(613, 121, 136, 20, '2025-12-23'),
(614, 121, 131, 10, '2025-12-23'),
(615, 122, 37, 10, '2025-12-23'),
(616, 122, 38, 3, '2025-12-23'),
(617, 122, 39, 5, '2025-12-23'),
(618, 122, 40, 5, '2025-12-23'),
(619, 122, 154, 3, '2025-12-23'),
(620, 122, 3, 10, '2025-12-23'),
(621, 122, 155, 10, '2025-12-23'),
(622, 123, 13, 7, '2025-12-23'),
(623, 123, 27, 7, '2025-12-23'),
(624, 123, 10, 7, '2025-12-23'),
(625, 123, 34, 7, '2025-12-23'),
(626, 123, 35, 7, '2025-12-23'),
(627, 123, 3, 7, '2025-12-23'),
(628, 123, 156, 1, '2025-12-23'),
(629, 123, 157, 1, '2025-12-23'),
(630, 123, 6, 2, '2025-12-23'),
(631, 124, 66, 1, '2025-12-23'),
(632, 124, 61, 20, '2025-12-23'),
(633, 125, 80, 15, '2025-12-23'),
(634, 125, 27, 10, '2025-12-23'),
(635, 125, 13, 10, '2025-12-23'),
(636, 125, 77, 3, '2025-12-23'),
(637, 125, 90, 10, '2025-12-23'),
(638, 125, 20, 20, '2025-12-23'),
(639, 126, 50, 30, '2025-12-23'),
(640, 126, 49, 10, '2025-12-23'),
(641, 126, 36, 30, '2025-12-23'),
(642, 126, 35, 30, '2025-12-23'),
(643, 126, 158, 15, '2025-12-23'),
(644, 126, 10, 30, '2025-12-23'),
(645, 126, 89, 5, '2025-12-23'),
(646, 127, 143, 15, '2025-12-23'),
(647, 127, 159, 30, '2025-12-23'),
(648, 127, 79, 30, '2025-12-23'),
(649, 127, 3, 10, '2025-12-23'),
(650, 128, 36, 10, '2025-12-23'),
(651, 128, 3, 10, '2025-12-23'),
(652, 128, 49, 10, '2025-12-23'),
(653, 129, 3, 15, '2025-12-23'),
(654, 130, 69, 10, '2025-12-23'),
(655, 130, 160, 10, '2025-12-23'),
(656, 130, 47, 1, '2025-12-23'),
(657, 131, 11, 30, '2025-12-23'),
(658, 131, 129, 6, '2025-12-23'),
(659, 131, 10, 30, '2025-12-23'),
(660, 131, 37, 15, '2025-12-23'),
(661, 131, 3, 10, '2025-12-23'),
(662, 132, 1, 15, '2025-12-23'),
(663, 132, 43, 20, '2025-12-23'),
(664, 132, 64, 15, '2025-12-23'),
(665, 132, 73, 1, '2025-12-23'),
(666, 132, 47, 1, '2025-12-23'),
(667, 132, 88, 1, '2025-12-23'),
(668, 133, 5, 1, '2025-12-23'),
(669, 133, 49, 10, '2025-12-23'),
(670, 133, 6, 1, '2025-12-23'),
(671, 134, 27, 30, '2025-12-23'),
(672, 134, 13, 30, '2025-12-23'),
(673, 134, 129, 6, '2025-12-23'),
(674, 134, 3, 10, '2025-12-23'),
(675, 135, 161, 10, '2025-12-23'),
(676, 136, 84, 30, '2025-12-23'),
(677, 136, 38, 8, '2025-12-23'),
(678, 136, 39, 15, '2025-12-23'),
(679, 136, 40, 15, '2025-12-23'),
(680, 136, 51, 30, '2025-12-23'),
(681, 136, 3, 10, '2025-12-23'),
(682, 136, 74, 1, '2025-12-23'),
(683, 136, 7, 30, '2025-12-23'),
(684, 137, 130, 10, '2025-12-23'),
(685, 137, 37, 15, '2025-12-23'),
(686, 137, 12, 10, '2025-12-23'),
(687, 138, 13, 30, '2025-12-23'),
(688, 138, 3, 10, '2025-12-23'),
(689, 138, 10, 30, '2025-12-23'),
(690, 138, 106, 15, '2025-12-23'),
(691, 138, 162, 5, '2025-12-23'),
(692, 139, 12, 10, '2025-12-23'),
(693, 140, 163, 45, '2025-12-23'),
(694, 140, 143, 10, '2025-12-23'),
(695, 140, 2, 30, '2025-12-23'),
(696, 140, 164, 30, '2025-12-23'),
(697, 141, 151, 60, '2025-12-23'),
(698, 141, 165, 60, '2025-12-23'),
(699, 141, 24, 60, '2025-12-23'),
(700, 141, 166, 60, '2025-12-23'),
(701, 141, 167, 60, '2025-12-23'),
(702, 141, 113, 15, '2025-12-23'),
(703, 142, 13, 30, '2025-12-23'),
(704, 142, 84, 30, '2025-12-23'),
(705, 142, 3, 10, '2025-12-23'),
(706, 142, 27, 30, '2025-12-23'),
(707, 143, 10, 30, '2025-12-23'),
(708, 143, 51, 30, '2025-12-23'),
(709, 143, 3, 10, '2025-12-23'),
(710, 143, 35, 30, '2025-12-23'),
(711, 143, 74, 1, '2025-12-23'),
(712, 143, 84, 30, '2025-12-23'),
(713, 143, 38, 8, '2025-12-23'),
(714, 143, 39, 15, '2025-12-23'),
(715, 144, 8, 15, '2025-12-23'),
(716, 144, 13, 30, '2025-12-23'),
(717, 144, 168, 10, '2025-12-23'),
(718, 144, 4, 30, '2025-12-23'),
(719, 144, 74, 1, '2025-12-23'),
(720, 145, 36, 30, '2025-12-23'),
(721, 145, 35, 30, '2025-12-23'),
(722, 145, 3, 10, '2025-12-23'),
(723, 145, 129, 6, '2025-12-23'),
(724, 145, 10, 30, '2025-12-23'),
(725, 146, 151, 30, '2025-12-23'),
(726, 146, 54, 30, '2025-12-23'),
(727, 146, 53, 30, '2025-12-23'),
(728, 146, 169, 60, '2025-12-23'),
(729, 147, 78, 30, '2025-12-23'),
(730, 148, 13, 30, '2025-12-23'),
(731, 148, 7, 30, '2025-12-23'),
(732, 148, 75, 30, '2025-12-23'),
(733, 148, 3, 10, '2025-12-23'),
(734, 148, 10, 30, '2025-12-23'),
(735, 149, 27, 30, '2025-12-23'),
(736, 149, 13, 30, '2025-12-23'),
(737, 150, 13, 30, '2025-12-23'),
(738, 150, 27, 30, '2025-12-23'),
(739, 150, 20, 90, '2025-12-23'),
(740, 150, 26, 60, '2025-12-23'),
(741, 150, 35, 30, '2025-12-23'),
(742, 150, 16, 60, '2025-12-23'),
(743, 151, 27, 30, '2025-12-23'),
(744, 151, 168, 10, '2025-12-23'),
(745, 151, 14, 1, '2025-12-23'),
(746, 151, 3, 10, '2025-12-23'),
(747, 151, 35, 30, '2025-12-23'),
(748, 152, 170, 15, '2025-12-23'),
(749, 153, 57, 21, '2025-12-23'),
(750, 153, 56, 21, '2025-12-23'),
(751, 153, 37, 10, '2025-12-23'),
(752, 153, 35, 30, '2025-12-23'),
(753, 153, 3, 10, '2025-12-23'),
(754, 153, 162, 10, '2025-12-23'),
(755, 154, 171, 1, '2025-12-23'),
(756, 154, 172, 1, '2025-12-23'),
(757, 154, 173, 2, '2025-12-23'),
(758, 154, 93, 1, '2025-12-23'),
(759, 154, 174, 1, '2025-12-23'),
(760, 154, 175, 2, '2025-12-23'),
(761, 155, 136, 30, '2025-12-23'),
(762, 155, 42, 20, '2025-12-23'),
(763, 156, 112, 10, '2025-12-23'),
(764, 156, 118, 10, '2025-12-23'),
(765, 156, 176, 10, '2025-12-23'),
(766, 156, 123, 10, '2025-12-23'),
(767, 156, 12, 10, '2025-12-23'),
(768, 157, 84, 7, '2025-12-23'),
(769, 157, 38, 2, '2025-12-23'),
(770, 157, 39, 4, '2025-12-23'),
(771, 157, 40, 4, '2025-12-23'),
(772, 157, 51, 10, '2025-12-23'),
(773, 157, 7, 10, '2025-12-23'),
(774, 157, 3, 10, '2025-12-23'),
(775, 158, 5, 3, '2025-12-23'),
(776, 158, 6, 10, '2025-12-23'),
(777, 158, 90, 15, '2025-12-23'),
(778, 158, 15, 3, '2025-12-23'),
(779, 158, 11, 30, '2025-12-23'),
(780, 158, 10, 4, '2025-12-23'),
(781, 159, 112, 10, '2025-12-23'),
(782, 159, 118, 10, '2025-12-23'),
(783, 159, 12, 10, '2025-12-23'),
(784, 159, 176, 10, '2025-12-23'),
(785, 159, 19, 1, '2025-12-23'),
(786, 160, 112, 10, '2025-12-23'),
(787, 160, 118, 10, '2025-12-23'),
(788, 160, 12, 10, '2025-12-23'),
(789, 160, 19, 1, '2025-12-23'),
(790, 161, 112, 10, '2025-12-23'),
(791, 161, 82, 10, '2025-12-23'),
(792, 161, 12, 10, '2025-12-23'),
(793, 162, 10, 30, '2025-12-23'),
(794, 163, 112, 10, '2025-12-23'),
(795, 163, 137, 15, '2025-12-23'),
(796, 163, 118, 10, '2025-12-23'),
(797, 163, 19, 2, '2025-12-23'),
(798, 164, 112, 30, '2025-12-23'),
(799, 164, 40, 10, '2025-12-23'),
(800, 164, 106, 15, '2025-12-23'),
(801, 164, 56, 10, '2025-12-23'),
(802, 165, 112, 10, '2025-12-23'),
(803, 165, 118, 10, '2025-12-23'),
(804, 165, 12, 10, '2025-12-23'),
(805, 166, 168, 20, '2025-12-23'),
(806, 166, 52, 20, '2025-12-23'),
(807, 166, 3, 20, '2025-12-23'),
(808, 167, 112, 20, '2025-12-23'),
(809, 160, 145, 1, '2025-12-23'),
(810, 160, 19, 1, '2025-12-23'),
(811, 163, 127, 1, '2025-12-23'),
(812, 163, 145, 1, '2025-12-23'),
(813, 163, 177, 1, '2025-12-23'),
(814, 168, 52, 30, '2025-12-24'),
(815, 168, 38, 8, '2025-12-24'),
(816, 168, 39, 15, '2025-12-24'),
(817, 168, 7, 30, '2025-12-24'),
(818, 168, 3, 10, '2025-12-24'),
(819, 169, 52, 30, '2025-12-24'),
(820, 169, 38, 15, '2025-12-24'),
(821, 169, 39, 15, '2025-12-24'),
(822, 169, 34, 30, '2025-12-24'),
(823, 169, 51, 30, '2025-12-24'),
(824, 169, 3, 10, '2025-12-24'),
(825, 169, 102, 30, '2025-12-24'),
(826, 170, 178, 1, '2025-12-24'),
(827, 171, 179, 7, '2025-12-24'),
(828, 172, 43, 24, '2025-12-24'),
(829, 172, 1, 15, '2025-12-24'),
(830, 172, 73, 1, '2025-12-24'),
(831, 172, 47, 1, '2025-12-24'),
(832, 172, 59, 20, '2025-12-24'),
(833, 173, 131, 10, '2025-12-24'),
(834, 173, 39, 5, '2025-12-24'),
(835, 173, 35, 30, '2025-12-24'),
(836, 173, 36, 30, '2025-12-24'),
(837, 173, 13, 30, '2025-12-24'),
(838, 173, 3, 10, '2025-12-24'),
(839, 173, 180, 2, '2025-12-24'),
(840, 174, 168, 10, '2025-12-24'),
(841, 174, 84, 30, '2025-12-24'),
(842, 174, 102, 30, '2025-12-24'),
(843, 174, 3, 10, '2025-12-24'),
(844, 174, 103, 10, '2025-12-24'),
(845, 175, 168, 10, '2025-12-24'),
(846, 175, 35, 30, '2025-12-24'),
(847, 175, 3, 10, '2025-12-24'),
(848, 175, 13, 30, '2025-12-24'),
(849, 175, 84, 30, '2025-12-24'),
(850, 176, 35, 7, '2025-12-24'),
(851, 176, 148, 7, '2025-12-24'),
(852, 176, 102, 7, '2025-12-24'),
(853, 176, 3, 7, '2025-12-24'),
(854, 177, 181, 1, '2025-12-24'),
(855, 177, 56, 10, '2025-12-24'),
(856, 177, 120, 4, '2025-12-24'),
(857, 177, 57, 4, '2025-12-24'),
(858, 177, 121, 4, '2025-12-24'),
(859, 177, 150, 1, '2025-12-24'),
(860, 177, 61, 10, '2025-12-24'),
(861, 178, 7, 30, '2025-12-24'),
(862, 178, 11, 30, '2025-12-24'),
(863, 178, 10, 30, '2025-12-24'),
(864, 178, 13, 30, '2025-12-24'),
(865, 178, 3, 10, '2025-12-24'),
(866, 179, 56, 10, '2025-12-24'),
(867, 179, 120, 4, '2025-12-24'),
(868, 179, 57, 6, '2025-12-24'),
(869, 179, 121, 6, '2025-12-24'),
(870, 179, 112, 10, '2025-12-24'),
(871, 179, 68, 10, '2025-12-24'),
(872, 179, 61, 10, '2025-12-24'),
(873, 180, 131, 10, '2025-12-24'),
(874, 181, 56, 10, '2025-12-24'),
(875, 181, 120, 3, '2025-12-24'),
(876, 181, 57, 5, '2025-12-24'),
(877, 181, 121, 5, '2025-12-24'),
(878, 181, 68, 5, '2025-12-24'),
(879, 181, 112, 9, '2025-12-24'),
(880, 181, 182, 1, '2025-12-24'),
(881, 182, 56, 3, '2025-12-24'),
(882, 182, 120, 1, '2025-12-24'),
(883, 182, 68, 2, '2025-12-24'),
(884, 182, 18, 1, '2025-12-24'),
(885, 183, 112, 3, '2025-12-24'),
(886, 183, 183, 2, '2025-12-24'),
(887, 183, 120, 1, '2025-12-24'),
(888, 183, 68, 1, '2025-12-24'),
(889, 184, 161, 15, '2025-12-24'),
(890, 185, 184, 60, '2025-12-24'),
(891, 185, 37, 30, '2025-12-24'),
(892, 185, 51, 30, '2025-12-24'),
(893, 185, 3, 10, '2025-12-24'),
(894, 185, 74, 1, '2025-12-24'),
(895, 186, 35, 30, '2025-12-24'),
(896, 186, 3, 10, '2025-12-24'),
(897, 186, 7, 30, '2025-12-24'),
(898, 186, 13, 30, '2025-12-24'),
(899, 186, 52, 30, '2025-12-24'),
(900, 186, 51, 30, '2025-12-24'),
(901, 187, 56, 5, '2025-12-24'),
(902, 187, 120, 2, '2025-12-24'),
(903, 187, 68, 3, '2025-12-24'),
(904, 187, 121, 3, '2025-12-24'),
(905, 187, 130, 1, '2025-12-24'),
(906, 187, 152, 3, '2025-12-24'),
(907, 187, 61, 5, '2025-12-24'),
(908, 187, 45, 1, '2025-12-24'),
(909, 187, 153, 1, '2025-12-24'),
(910, 188, 56, 5, '2025-12-24'),
(911, 188, 120, 1, '2025-12-24'),
(912, 188, 121, 2, '2025-12-24'),
(913, 188, 18, 1, '2025-12-24'),
(914, 189, 7, 30, '2025-12-24'),
(915, 189, 185, 30, '2025-12-24'),
(916, 189, 38, 8, '2025-12-24'),
(917, 189, 39, 30, '2025-12-24'),
(918, 189, 40, 15, '2025-12-24'),
(919, 189, 33, 30, '2025-12-24'),
(920, 189, 51, 30, '2025-12-24'),
(921, 189, 103, 10, '2025-12-24'),
(922, 190, 35, 30, '2025-12-24'),
(923, 190, 131, 10, '2025-12-24'),
(924, 190, 3, 10, '2025-12-24'),
(925, 190, 36, 30, '2025-12-24'),
(926, 190, 186, 10, '2025-12-24'),
(927, 191, 187, 1, '2025-12-24'),
(928, 191, 61, 8, '2025-12-24'),
(929, 192, 136, 20, '2025-12-24'),
(930, 192, 131, 10, '2025-12-24'),
(931, 193, 102, 30, '2025-12-24'),
(932, 193, 52, 15, '2025-12-24'),
(933, 193, 3, 10, '2025-12-24'),
(934, 193, 51, 30, '2025-12-24'),
(935, 193, 34, 30, '2025-12-24'),
(936, 194, 138, 10, '2025-12-24'),
(937, 194, 168, 10, '2025-12-24'),
(938, 194, 103, 10, '2025-12-24'),
(939, 194, 3, 10, '2025-12-24'),
(940, 194, 74, 1, '2025-12-24'),
(941, 195, 188, 1, '2025-12-24'),
(942, 195, 56, 10, '2025-12-24'),
(943, 195, 120, 2, '2025-12-24'),
(944, 195, 57, 4, '2025-12-24'),
(945, 195, 68, 6, '2025-12-24'),
(946, 195, 112, 6, '2025-12-24'),
(947, 195, 153, 1, '2025-12-24'),
(948, 196, 27, 30, '2025-12-24'),
(949, 196, 35, 30, '2025-12-24'),
(950, 196, 84, 30, '2025-12-24'),
(951, 196, 168, 10, '2025-12-24'),
(952, 196, 3, 10, '2025-12-24'),
(953, 197, 150, 1, '2025-12-24'),
(954, 197, 48, 1, '2025-12-24'),
(955, 198, 129, 6, '2025-12-24'),
(956, 198, 11, 30, '2025-12-24'),
(957, 198, 27, 30, '2025-12-24'),
(958, 198, 117, 60, '2025-12-24'),
(959, 198, 52, 15, '2025-12-24'),
(960, 198, 3, 10, '2025-12-24'),
(961, 198, 63, 30, '2025-12-24'),
(962, 199, 106, 15, '2025-12-24'),
(963, 199, 61, 10, '2025-12-24'),
(964, 200, 161, 30, '2025-12-24'),
(965, 201, 35, 30, '2025-12-24'),
(966, 201, 27, 30, '2025-12-24'),
(967, 201, 13, 30, '2025-12-24'),
(968, 201, 3, 10, '2025-12-24'),
(969, 201, 7, 30, '2025-12-24'),
(970, 201, 37, 20, '2025-12-24'),
(971, 201, 38, 10, '2025-12-24'),
(972, 201, 39, 10, '2025-12-24'),
(973, 201, 40, 10, '2025-12-24'),
(974, 201, 51, 20, '2025-12-24'),
(975, 202, 137, 10, '2025-12-24'),
(976, 202, 131, 10, '2025-12-24'),
(977, 203, 35, 30, '2025-12-24'),
(978, 203, 3, 10, '2025-12-24'),
(979, 203, 13, 30, '2025-12-24'),
(980, 203, 27, 30, '2025-12-24'),
(981, 203, 189, 30, '2025-12-24'),
(982, 203, 38, 15, '2025-12-24'),
(983, 203, 39, 15, '2025-12-24'),
(984, 203, 168, 10, '2025-12-24'),
(985, 204, 11, 30, '2025-12-24'),
(986, 204, 102, 30, '2025-12-24'),
(987, 204, 10, 30, '2025-12-24'),
(988, 204, 3, 10, '2025-12-24'),
(989, 205, 37, 30, '2025-12-24'),
(990, 205, 38, 8, '2025-12-24'),
(991, 205, 39, 15, '2025-12-24'),
(992, 205, 40, 15, '2025-12-24'),
(993, 205, 3, 10, '2025-12-24'),
(994, 205, 34, 30, '2025-12-24'),
(995, 206, 35, 30, '2025-12-24'),
(996, 206, 7, 30, '2025-12-24'),
(997, 206, 3, 10, '2025-12-24'),
(998, 206, 102, 30, '2025-12-24'),
(999, 206, 52, 15, '2025-12-24'),
(1000, 207, 10, 30, '2025-12-24'),
(1001, 207, 3, 10, '2025-12-24'),
(1002, 208, 165, 120, '2025-12-24'),
(1003, 208, 53, 30, '2025-12-24'),
(1004, 208, 190, 30, '2025-12-24'),
(1005, 208, 42, 90, '2025-12-24'),
(1006, 208, 39, 30, '2025-12-24'),
(1007, 208, 40, 30, '2025-12-24'),
(1008, 208, 3, 10, '2025-12-24'),
(1009, 209, 7, 30, '2025-12-24'),
(1010, 209, 84, 30, '2025-12-24'),
(1011, 209, 51, 30, '2025-12-24'),
(1012, 209, 39, 15, '2025-12-24'),
(1013, 209, 3, 10, '2025-12-24'),
(1014, 209, 168, 10, '2025-12-24'),
(1015, 210, 125, 1, '2025-12-24'),
(1016, 210, 126, 1, '2025-12-24'),
(1017, 210, 18, 1, '2025-12-24'),
(1018, 210, 19, 1, '2025-12-24'),
(1019, 211, 36, 30, '2025-12-24'),
(1020, 211, 3, 10, '2025-12-24'),
(1021, 211, 147, 0, '2025-12-24'),
(1022, 212, 43, 10, '2025-12-24'),
(1023, 212, 1, 20, '2025-12-24'),
(1024, 212, 64, 20, '2025-12-24'),
(1025, 212, 73, 1, '2025-12-24'),
(1026, 212, 47, 1, '2025-12-24'),
(1027, 212, 88, 1, '2025-12-24'),
(1028, 213, 191, 1, '2025-12-24'),
(1029, 213, 56, 4, '2025-12-24'),
(1030, 213, 120, 1, '2025-12-24'),
(1031, 213, 121, 3, '2025-12-24'),
(1032, 213, 112, 5, '2025-12-24'),
(1033, 213, 147, 0, '2025-12-24'),
(1034, 214, 75, 30, '2025-12-24'),
(1035, 214, 34, 30, '2025-12-24'),
(1036, 214, 189, 15, '2025-12-24'),
(1037, 214, 102, 30, '2025-12-24'),
(1038, 214, 3, 10, '2025-12-24'),
(1039, 215, 161, 30, '2025-12-24'),
(1040, 216, 138, 10, '2025-12-24'),
(1041, 216, 10, 30, '2025-12-24'),
(1042, 216, 36, 30, '2025-12-24'),
(1043, 216, 117, 30, '2025-12-24'),
(1044, 216, 3, 10, '2025-12-24'),
(1045, 217, 165, 60, '2025-12-24'),
(1046, 217, 190, 30, '2025-12-24'),
(1047, 217, 53, 30, '2025-12-24'),
(1048, 218, 124, 30, '2025-12-24'),
(1049, 218, 106, 15, '2025-12-24'),
(1050, 218, 75, 30, '2025-12-24'),
(1051, 218, 3, 10, '2025-12-24'),
(1052, 218, 10, 30, '2025-12-24'),
(1053, 219, 112, 10, '2025-12-24'),
(1054, 219, 82, 10, '2025-12-24'),
(1055, 219, 12, 10, '2025-12-24'),
(1056, 219, 19, 1, '2025-12-24'),
(1057, 220, 106, 15, '2025-12-24'),
(1058, 220, 124, 30, '2025-12-24'),
(1059, 220, 37, 10, '2025-12-24'),
(1060, 220, 104, 30, '2025-12-24'),
(1061, 220, 27, 30, '2025-12-24'),
(1062, 220, 13, 30, '2025-12-24'),
(1063, 221, 150, 1, '2025-12-24'),
(1064, 221, 48, 1, '2025-12-24'),
(1065, 221, 61, 5, '2025-12-24'),
(1066, 222, 51, 30, '2025-12-24'),
(1067, 222, 7, 30, '2025-12-24'),
(1068, 222, 3, 1, '2025-12-24'),
(1069, 222, 84, 30, '2025-12-24'),
(1070, 222, 38, 8, '2025-12-24'),
(1071, 222, 39, 15, '2025-12-24'),
(1072, 222, 43, 15, '2025-12-24'),
(1073, 223, 52, 30, '2025-12-24'),
(1074, 223, 38, 15, '2025-12-24'),
(1075, 223, 39, 15, '2025-12-24'),
(1076, 223, 34, 30, '2025-12-24'),
(1077, 223, 51, 30, '2025-12-24'),
(1078, 223, 192, 30, '2025-12-24'),
(1079, 224, 112, 10, '2025-12-24'),
(1080, 224, 82, 10, '2025-12-24'),
(1081, 224, 12, 10, '2025-12-24'),
(1082, 224, 19, 1, '2025-12-24'),
(1083, 225, 52, 30, '2025-12-24'),
(1084, 225, 38, 8, '2025-12-24'),
(1085, 225, 51, 30, '2025-12-24'),
(1086, 225, 3, 10, '2025-12-24'),
(1087, 225, 35, 30, '2025-12-24'),
(1088, 225, 102, 30, '2025-12-24'),
(1089, 225, 74, 1, '2025-12-24'),
(1090, 226, 35, 30, '2025-12-24'),
(1091, 226, 13, 30, '2025-12-24'),
(1092, 226, 3, 1, '2025-12-24'),
(1093, 226, 37, 10, '2025-12-24'),
(1094, 227, 112, 10, '2025-12-24'),
(1095, 227, 82, 10, '2025-12-24'),
(1096, 227, 12, 7, '2025-12-24'),
(1097, 227, 19, 1, '2025-12-24'),
(1098, 228, 168, 10, '2025-12-24'),
(1099, 228, 52, 20, '2025-12-24'),
(1100, 228, 3, 10, '2025-12-24'),
(1101, 229, 112, 40, '2025-12-24'),
(1102, 229, 52, 20, '2025-12-24'),
(1103, 229, 12, 10, '2025-12-24'),
(1104, 230, 112, 30, '2025-12-24'),
(1105, 230, 84, 10, '2025-12-24'),
(1106, 231, 7, 30, '2025-12-24'),
(1107, 231, 27, 30, '2025-12-24'),
(1108, 231, 35, 30, '2025-12-24'),
(1109, 231, 3, 10, '2025-12-24'),
(1110, 232, 155, 10, '2025-12-29'),
(1111, 232, 193, 15, '2025-12-29'),
(1112, 233, 145, 1, '2025-12-29'),
(1113, 234, 53, 30, '2025-12-29'),
(1114, 235, 33, 30, '2025-12-29'),
(1115, 235, 194, 30, '2025-12-29'),
(1116, 235, 10, 30, '2025-12-29'),
(1117, 235, 7, 30, '2025-12-29'),
(1118, 235, 27, 30, '2025-12-29'),
(1119, 235, 13, 30, '2025-12-29'),
(1120, 235, 17, 90, '2025-12-29'),
(1121, 236, 145, 1, '2025-12-29'),
(1122, 237, 81, 1, '2025-12-29'),
(1123, 237, 102, 30, '2025-12-29'),
(1124, 237, 40, 10, '2025-12-29'),
(1125, 237, 195, 15, '2025-12-29'),
(1126, 237, 27, 30, '2025-12-29'),
(1127, 237, 77, 5, '2025-12-29'),
(1128, 238, 27, 30, '2025-12-29'),
(1129, 238, 13, 30, '2025-12-29'),
(1130, 238, 10, 30, '2025-12-29'),
(1131, 238, 138, 10, '2025-12-29'),
(1132, 238, 3, 10, '2025-12-29'),
(1133, 238, 35, 30, '2025-12-29'),
(1134, 239, 131, 30, '2025-12-29'),
(1135, 239, 38, 15, '2025-12-29'),
(1136, 239, 39, 15, '2025-12-29'),
(1137, 239, 40, 30, '2025-12-29'),
(1138, 239, 196, 60, '2025-12-29'),
(1139, 239, 7, 60, '2025-12-29'),
(1140, 239, 3, 30, '2025-12-29'),
(1141, 240, 23, 60, '2025-12-29'),
(1142, 240, 110, 30, '2025-12-29'),
(1143, 240, 31, 90, '2025-12-29'),
(1144, 240, 13, 30, '2025-12-29'),
(1145, 240, 7, 15, '2025-12-29'),
(1146, 240, 9, 15, '2025-12-29'),
(1147, 240, 8, 15, '2025-12-29'),
(1148, 241, 37, 60, '2025-12-29'),
(1149, 241, 38, 30, '2025-12-29'),
(1150, 241, 39, 30, '2025-12-29'),
(1151, 241, 7, 30, '2025-12-29'),
(1152, 241, 154, 30, '2025-12-29'),
(1153, 241, 74, 1, '2025-12-29'),
(1154, 241, 51, 30, '2025-12-29'),
(1155, 242, 84, 30, '2025-12-29'),
(1156, 242, 38, 15, '2025-12-29'),
(1157, 242, 39, 15, '2025-12-29'),
(1158, 242, 27, 30, '2025-12-29'),
(1159, 242, 7, 30, '2025-12-29'),
(1160, 242, 51, 30, '2025-12-29'),
(1161, 242, 103, 10, '2025-12-29'),
(1162, 242, 33, 30, '2025-12-29'),
(1163, 243, 5, 8, '2025-12-29'),
(1164, 243, 6, 5, '2025-12-29'),
(1165, 243, 27, 30, '2025-12-29'),
(1166, 243, 12, 10, '2025-12-29'),
(1167, 243, 30, 30, '2025-12-29'),
(1168, 243, 23, 30, '2025-12-29'),
(1169, 244, 13, 30, '2025-12-29'),
(1170, 244, 36, 30, '2025-12-29'),
(1171, 244, 89, 5, '2025-12-29'),
(1172, 244, 3, 10, '2025-12-29'),
(1173, 244, 186, 10, '2025-12-29'),
(1174, 244, 131, 15, '2025-12-29'),
(1175, 244, 39, 8, '2025-12-29'),
(1176, 245, 155, 10, '2025-12-29'),
(1177, 245, 186, 15, '2025-12-29'),
(1178, 246, 81, 1, '2025-12-29'),
(1179, 246, 135, 30, '2025-12-29'),
(1180, 246, 1, 15, '2025-12-29'),
(1181, 246, 12, 10, '2025-12-29'),
(1182, 246, 66, 1, '2025-12-29'),
(1183, 246, 7, 30, '2025-12-29'),
(1184, 246, 28, 60, '2025-12-29'),
(1185, 246, 197, 8, '2025-12-29'),
(1186, 246, 147, 0, '2025-12-29'),
(1187, 246, 147, 0, '2025-12-29'),
(1188, 247, 35, 30, '2025-12-29'),
(1189, 247, 7, 30, '2025-12-29'),
(1190, 247, 20, 60, '2025-12-29'),
(1191, 247, 33, 30, '2025-12-29'),
(1192, 247, 10, 30, '2025-12-29'),
(1193, 248, 35, 30, '2025-12-29'),
(1194, 248, 84, 30, '2025-12-29'),
(1195, 248, 13, 30, '2025-12-29'),
(1196, 248, 3, 10, '2025-12-29'),
(1197, 249, 194, 15, '2025-12-29'),
(1198, 249, 198, 4, '2025-12-29'),
(1199, 249, 33, 15, '2025-12-29'),
(1200, 250, 17, 90, '2025-12-29'),
(1201, 250, 101, 30, '2025-12-29'),
(1202, 250, 20, 30, '2025-12-29'),
(1203, 250, 33, 15, '2025-12-29'),
(1204, 250, 16, 60, '2025-12-29'),
(1205, 251, 11, 5, '2025-12-29'),
(1206, 251, 129, 6, '2025-12-29'),
(1207, 251, 37, 10, '2025-12-29'),
(1208, 251, 27, 30, '2025-12-29'),
(1209, 251, 10, 30, '2025-12-29'),
(1210, 252, 35, 30, '2025-12-29'),
(1211, 252, 52, 15, '2025-12-29'),
(1212, 252, 7, 30, '2025-12-29'),
(1213, 252, 195, 30, '2025-12-29'),
(1214, 252, 20, 60, '2025-12-29'),
(1215, 252, 33, 30, '2025-12-29'),
(1216, 253, 148, 30, '2025-12-29'),
(1217, 253, 12, 10, '2025-12-29'),
(1218, 253, 102, 30, '2025-12-29'),
(1219, 253, 81, 1, '2025-12-29'),
(1220, 253, 10, 30, '2025-12-29'),
(1221, 253, 199, 30, '2025-12-29'),
(1222, 254, 84, 30, '2025-12-29'),
(1223, 254, 168, 10, '2025-12-29'),
(1224, 254, 34, 30, '2025-12-29'),
(1225, 254, 3, 10, '2025-12-29'),
(1226, 255, 84, 30, '2025-12-29'),
(1227, 255, 168, 10, '2025-12-29'),
(1228, 255, 7, 30, '2025-12-29'),
(1229, 255, 13, 30, '2025-12-29'),
(1230, 255, 3, 10, '2025-12-29'),
(1231, 256, 161, 30, '2025-12-29'),
(1232, 256, 200, 30, '2025-12-29'),
(1233, 257, 102, 30, '2025-12-29'),
(1234, 257, 143, 30, '2025-12-29'),
(1235, 257, 7, 30, '2025-12-29'),
(1236, 257, 35, 30, '2025-12-29'),
(1237, 257, 101, 30, '2025-12-29'),
(1238, 257, 20, 90, '2025-12-29'),
(1239, 258, 193, 15, '2025-12-29'),
(1240, 258, 74, 1, '2025-12-29'),
(1241, 258, 87, 10, '2025-12-29'),
(1242, 258, 80, 30, '2025-12-29'),
(1243, 258, 37, 15, '2025-12-29'),
(1244, 259, 35, 30, '2025-12-29'),
(1245, 259, 7, 30, '2025-12-29'),
(1246, 259, 3, 10, '2025-12-29'),
(1247, 259, 102, 30, '2025-12-29'),
(1248, 259, 138, 10, '2025-12-29'),
(1249, 260, 11, 30, '2025-12-29'),
(1250, 260, 102, 30, '2025-12-29'),
(1251, 260, 143, 30, '2025-12-29'),
(1252, 260, 3, 10, '2025-12-29'),
(1253, 260, 34, 30, '2025-12-29'),
(1254, 260, 84, 30, '2025-12-29'),
(1255, 260, 39, 15, '2025-12-29'),
(1256, 261, 84, 30, '2025-12-29'),
(1257, 261, 38, 15, '2025-12-29'),
(1258, 261, 39, 15, '2025-12-29'),
(1259, 261, 13, 30, '2025-12-29'),
(1260, 261, 7, 30, '2025-12-29'),
(1261, 261, 51, 30, '2025-12-29'),
(1262, 261, 103, 10, '2025-12-29'),
(1263, 261, 3, 10, '2025-12-29'),
(1264, 262, 36, 10, '2025-12-29'),
(1265, 263, 129, 6, '2025-12-29'),
(1266, 263, 60, 30, '2025-12-29'),
(1267, 263, 27, 30, '2025-12-29'),
(1268, 263, 3, 10, '2025-12-29'),
(1269, 264, 102, 30, '2025-12-29'),
(1270, 264, 49, 10, '2025-12-29'),
(1271, 264, 36, 30, '2025-12-29'),
(1272, 264, 35, 30, '2025-12-29'),
(1273, 264, 3, 10, '2025-12-29'),
(1274, 264, 169, 60, '2025-12-29'),
(1275, 265, 7, 30, '2025-12-29'),
(1276, 265, 101, 30, '2025-12-29'),
(1277, 265, 20, 90, '2025-12-29'),
(1278, 265, 11, 30, '2025-12-29'),
(1279, 265, 60, 30, '2025-12-29'),
(1280, 265, 148, 30, '2025-12-29'),
(1281, 265, 3, 10, '2025-12-29'),
(1282, 266, 176, 10, '2025-12-29'),
(1283, 267, 201, 1, '2025-12-29'),
(1284, 267, 12, 10, '2025-12-29'),
(1285, 267, 172, 1, '2025-12-29'),
(1286, 268, 153, 1, '2025-12-29'),
(1287, 268, 202, 1, '2025-12-29'),
(1288, 268, 112, 11, '2025-12-29'),
(1289, 269, 112, 10, '2025-12-29'),
(1290, 269, 82, 10, '2025-12-29'),
(1291, 269, 12, 10, '2025-12-29'),
(1292, 269, 19, 1, '2025-12-29'),
(1293, 269, 203, 1, '2025-12-29'),
(1294, 269, 145, 1, '2025-12-29'),
(1295, 270, 112, 10, '2025-12-29'),
(1296, 270, 118, 10, '2025-12-29'),
(1297, 270, 123, 10, '2025-12-29'),
(1298, 270, 12, 10, '2025-12-29'),
(1299, 270, 19, 1, '2025-12-29'),
(1300, 271, 56, 20, '2025-12-29'),
(1301, 271, 43, 20, '2025-12-29'),
(1302, 271, 44, 10, '2025-12-29'),
(1303, 271, 57, 20, '2025-12-29'),
(1304, 271, 76, 1, '2025-12-29'),
(1305, 271, 204, 1, '2025-12-29'),
(1306, 272, 112, 40, '2025-12-29'),
(1307, 272, 52, 20, '2025-12-29'),
(1308, 272, 3, 10, '2025-12-29'),
(1309, 273, 13, 30, '2025-12-29'),
(1310, 273, 110, 30, '2025-12-29'),
(1311, 273, 20, 90, '2025-12-29'),
(1312, 273, 3, 10, '2025-12-29'),
(1313, 273, 35, 30, '2025-12-29'),
(1314, 273, 7, 30, '2025-12-29'),
(1315, 273, 52, 15, '2025-12-29'),
(1316, 274, 131, 10, '2025-12-29'),
(1317, 274, 39, 5, '2025-12-29'),
(1318, 274, 40, 5, '2025-12-29'),
(1319, 274, 11, 30, '2025-12-29'),
(1320, 274, 36, 30, '2025-12-29'),
(1321, 274, 3, 10, '2025-12-29'),
(1322, 274, 34, 30, '2025-12-29'),
(1323, 275, 112, 40, '2025-12-29'),
(1324, 275, 52, 20, '2025-12-29'),
(1325, 275, 12, 10, '2025-12-29'),
(1326, 276, 112, 10, '2025-12-29'),
(1327, 276, 131, 10, '2025-12-29'),
(1328, 276, 123, 10, '2025-12-29'),
(1329, 276, 12, 10, '2025-12-29'),
(1330, 276, 19, 1, '2025-12-29'),
(1331, 277, 115, 1, '2025-12-29'),
(1332, 277, 56, 20, '2025-12-29'),
(1333, 277, 43, 20, '2025-12-29'),
(1334, 277, 44, 10, '2025-12-29'),
(1335, 277, 57, 20, '2025-12-29'),
(1336, 278, 112, 10, '2025-12-29'),
(1337, 278, 118, 10, '2025-12-29'),
(1338, 278, 19, 3, '2025-12-29'),
(1339, 279, 112, 10, '2025-12-29'),
(1340, 279, 118, 10, '2025-12-29'),
(1341, 279, 19, 1, '2025-12-29'),
(1342, 279, 12, 10, '2025-12-29'),
(1343, 280, 196, 10, '2025-12-29'),
(1344, 280, 123, 10, '2025-12-29'),
(1345, 280, 12, 10, '2025-12-29'),
(1346, 281, 205, 30, '2025-12-29'),
(1347, 282, 112, 10, '2025-12-29'),
(1348, 282, 118, 10, '2025-12-29'),
(1349, 282, 64, 6, '2025-12-29'),
(1350, 282, 19, 1, '2025-12-29'),
(1351, 282, 12, 5, '2025-12-29'),
(1352, 283, 145, 1, '2025-12-29'),
(1353, 279, 203, 1, '2025-12-29'),
(1354, 279, 145, 1, '2025-12-29'),
(1355, 279, 19, 1, '2025-12-29'),
(1356, 284, 145, 1, '2025-12-29'),
(1357, 282, 145, 1, '2025-12-29'),
(1358, 285, 155, 15, '2025-12-30'),
(1359, 285, 186, 15, '2025-12-30'),
(1360, 286, 118, 15, '2025-12-30'),
(1361, 287, 206, 1, '2025-12-30'),
(1362, 287, 153, 1, '2025-12-30'),
(1363, 287, 176, 10, '2025-12-30'),
(1364, 288, 66, 1, '2025-12-30'),
(1365, 288, 88, 1, '2025-12-30'),
(1366, 15, 44, 10, '2025-12-30'),
(1367, 15, 43, 5, '2025-12-30'),
(1368, 15, 47, 1, '2025-12-30'),
(1369, 15, 207, 3, '2025-12-30'),
(1370, 15, 47, 1, '2025-12-30'),
(1371, 289, 1, 20, '2025-12-30'),
(1372, 289, 73, 1, '2025-12-30'),
(1373, 289, 47, 1, '2025-12-30'),
(1374, 289, 88, 1, '2025-12-30'),
(1375, 290, 57, 3, '2025-12-30'),
(1376, 290, 68, 3, '2025-12-30'),
(1377, 290, 56, 4, '2025-12-30'),
(1378, 290, 59, 5, '2025-12-30'),
(1379, 291, 1, 25, '2025-12-30'),
(1380, 291, 64, 25, '2025-12-30'),
(1381, 291, 73, 1, '2025-12-30'),
(1382, 291, 47, 1, '2025-12-30'),
(1383, 291, 88, 1, '2025-12-30'),
(1384, 292, 64, 20, '2025-12-30'),
(1385, 292, 88, 1, '2025-12-30'),
(1386, 292, 73, 1, '2025-12-30'),
(1387, 292, 65, 1, '2025-12-30'),
(1388, 293, 64, 2, '2025-12-30'),
(1389, 293, 18, 1, '2025-12-30'),
(1390, 293, 208, 1, '2025-12-30'),
(1391, 294, 173, 1, '2025-12-30'),
(1392, 295, 112, 10, '2025-12-30'),
(1393, 295, 123, 10, '2025-12-30'),
(1394, 295, 14, 1, '2025-12-30'),
(1395, 295, 118, 10, '2025-12-30'),
(1396, 295, 19, 1, '2025-12-30'),
(1397, 295, 12, 10, '2025-12-30'),
(1398, 296, 112, 10, '2025-12-30'),
(1399, 296, 118, 10, '2025-12-30'),
(1400, 296, 209, 10, '2025-12-30'),
(1401, 296, 12, 10, '2025-12-30'),
(1402, 296, 19, 1, '2025-12-30'),
(1403, 297, 112, 10, '2025-12-30'),
(1404, 297, 82, 10, '2025-12-30'),
(1405, 297, 12, 10, '2025-12-30'),
(1406, 297, 19, 1, '2025-12-30'),
(1407, 94, 19, 2, '2025-12-30'),
(1408, 94, 210, 1, '2025-12-30'),
(1409, 94, 12, 10, '2025-12-30'),
(1410, 94, 84, 10, '2025-12-30'),
(1411, 94, 121, 10, '2025-12-30'),
(1412, 298, 112, 10, '2025-12-30'),
(1413, 298, 118, 10, '2025-12-30'),
(1414, 298, 12, 10, '2025-12-30'),
(1415, 298, 19, 1, '2025-12-30'),
(1416, 299, 112, 10, '2025-12-30'),
(1417, 299, 118, 10, '2025-12-30'),
(1418, 299, 64, 10, '2025-12-30'),
(1419, 299, 12, 10, '2025-12-30'),
(1420, 299, 19, 1, '2025-12-30'),
(1421, 300, 145, 1, '2025-12-30'),
(1422, 301, 145, 1, '2025-12-30'),
(1423, 302, 203, 1, '2025-12-30'),
(1424, 302, 145, 1, '2025-12-30'),
(1425, 163, 146, 1, '2025-12-30'),
(1426, 163, 145, 1, '2025-12-30'),
(1427, 163, 203, 1, '2025-12-30'),
(1428, 163, 112, 10, '2025-12-30'),
(1429, 163, 118, 10, '2025-12-30'),
(1430, 163, 12, 10, '2025-12-30'),
(1431, 163, 19, 1, '2025-12-30'),
(1432, 163, 123, 10, '2025-12-30'),
(1433, 163, 211, 10, '2025-12-30'),
(1434, 163, 212, 1, '2025-12-30'),
(1435, 303, 19, 1, '2025-12-30'),
(1436, 303, 18, 1, '2025-12-30'),
(1437, 304, 112, 10, '2025-12-30'),
(1438, 304, 118, 10, '2025-12-30'),
(1439, 304, 19, 1, '2025-12-30'),
(1440, 304, 12, 10, '2025-12-30'),
(1441, 305, 145, 1, '2025-12-30'),
(1442, 306, 145, 1, '2025-12-30'),
(1443, 306, 146, 1, '2025-12-30'),
(1444, 306, 203, 1, '2025-12-30'),
(1445, 307, 146, 1, '2025-12-30'),
(1446, 307, 203, 1, '2025-12-30'),
(1447, 307, 145, 2, '2025-12-30'),
(1448, 308, 145, 1, '2025-12-30'),
(1449, 308, 203, 1, '2025-12-30'),
(1450, 309, 213, 1, '2025-12-30');

--
-- Indexes for dumped tables
--

--
-- Indeks untuk tabel `obat`
--
ALTER TABLE `obat`
  ADD PRIMARY KEY (`id`);

--
-- Indeks untuk tabel `pasien`
--
ALTER TABLE `pasien`
  ADD PRIMARY KEY (`id`),
  ADD KEY `nama_pasien` (`nama_pasien`),
  ADD KEY `asal_poli` (`asal_poli`);

--
-- Indeks untuk tabel `resep`
--
ALTER TABLE `resep`
  ADD PRIMARY KEY (`id`),
  ADD KEY `pasien_id` (`pasien_id`),
  ADD KEY `obat_id` (`obat_id`),
  ADD KEY `tanggal_input` (`tanggal_input`);

--
-- AUTO_INCREMENT untuk tabel yang dibuang
--

--
-- AUTO_INCREMENT untuk tabel `obat`
--
ALTER TABLE `obat`
  MODIFY `id` int(11) NOT NULL AUTO_INCREMENT, AUTO_INCREMENT=214;

--
-- AUTO_INCREMENT untuk tabel `pasien`
--
ALTER TABLE `pasien`
  MODIFY `id` int(11) NOT NULL AUTO_INCREMENT, AUTO_INCREMENT=309;

--
-- AUTO_INCREMENT untuk tabel `resep`
--
ALTER TABLE `resep`
  MODIFY `id` int(11) NOT NULL AUTO_INCREMENT, AUTO_INCREMENT=1451;
COMMIT;

/*!40101 SET CHARACTER_SET_CLIENT=@OLD_CHARACTER_SET_CLIENT */;
/*!40101 SET CHARACTER_SET_RESULTS=@OLD_CHARACTER_SET_RESULTS */;
/*!40101 SET COLLATION_CONNECTION=@OLD_COLLATION_CONNECTION */;
